OrderID,OrderDate,InvoiceDate,PaymentDate,CustomerSegment,Amount,PaymentTerms
501680,2025-04-21,2025-04-24,2025-05-25,SME,17116.81,Net 30
502146,2025-01-02,2025-01-05,2025-02-04,SME,10868.08,Net 30
502712,2025-08-04,2025-08-18,2025-11-09,Government,286655.44,Net 60
501192,2025-04-30,2025-05-02,2025-06-04,SME,17859.12,Net 30
501637,2025-06-30,2025-07-04,2025-07-26,SME,1717.2,Net30
502993,2025-03-13,2025-03-16,2025-04-23,SME,12993.46,Net 30
500650,2024-11-10,2024-11-13,2024-12-19,Enterprise,104685.76,net 30
501855,2025-05-14,2025-05-19,2025-06-07,Enterprise,38850.88,Net 30
504007,2025-06-18,2025-06-21,2025-08-01,Enterprise,106715.17,Net 30
500736,2025-03-05,2025-03-09,2025-04-02,Enterprise,92455.2,Net 30
503816,2024-06-29,2024-07-03,2024-08-11,Enterprise,49264.05,Net30
503550,2025-02-23,2025-03-01,2025-04-11,Enterprise,71638.5,Net 30
502354,2024-04-13,2024-04-16,2024-05-15,SME,16892.81,Net 30
503549,2024-07-23,2024-07-24,2024-08-24,SME,6838.74,Net 30
501000,2024-12-22,2024-12-28,2025-01-28,Enterprise,83778.57,Net 30
500952,2024-07-07,2024-07-14,2024-08-16,Enterprise,71864.39,Net 30
500473,2024-07-30,2024-08-01,2024-08-27,SME,13819.65,Net 30
503861,2025-03-26,2025-03-29,2025-04-19,Enterprise,17542.49,Net30
501652,2025-07-01,2025-07-04,2025-08-04,Enterprise,-5413.82,Net 30
500491,2024-06-21,2024-06-23,2024-07-27,SME,11433.36,Net 30
503721,2024-03-11,2024-03-11,2024-04-20,SME,17468.46,Net 30
501156,2024-06-29,2024-07-02,2024-07-31,SME,7097.41,Net30
503473,2025-01-20,2025-01-24,2025-02-02,Enterprise,20061.38,Net 30
503250,2025-08-10,2025-08-10,2025-09-07,SME,8765.56,Net 30
501058,2025-07-16,2025-08-01,2025-09-06,Government,213925.9,Net 60
500312,2024-10-07,2024-10-08,2024-10-31,SME,16773.68,Net30
500240,2024-12-18,2024-12-31,2025-03-05,Government,266150.97,Net 60
500449,2024-09-26,2024-09-28,2024-11-07,Enterprise,58625.59,Net 30
503348,2025-08-16,2025-08-17,2025-09-03,SME,5400.7,Net 30
501908,2024-10-01,2024-10-02,2024-10-15,SME,1669.37,Net 30
501616,2025-02-14,2025-03-01,2025-04-28,Government,231586.66,Net 60
500363,2025-08-13,2025-08-17,2025-09-18,SME,4188.26,Net 30
500103,2024-08-01,2024-08-05,2024-08-24,SME,10345.0,Net 30
501506,2024-04-06,2024-04-21,2024-07-04,Government,119660.06,Net 60
503970,2024-02-17,2024-03-06,2024-05-06,Government,150501.61,NET 60
502734,2024-02-25,2024-02-27,2024-03-30,SME,13274.95,Net 30
500248,2024-04-11,2024-04-14,2024-05-06,SME,3893.02,Net 30
501741,2024-04-16,2024-04-22,2024-05-24,Enterprise,114386.49,Net 30
503940,2024-07-12,2024-07-12,2024-08-07,SME,16288.58,Net 30
503403,2024-11-04,2024-11-13,2025-02-02,Government,157352.47,Net 60
500764,2025-06-04,2025-06-06,2025-07-17,SME,8163.58,Net 30
500056,2025-02-11,2025-02-13,2025-03-03,SME,12847.75,Net 30
500030,2025-03-16,2025-04-02,2025-05-23,Government,108138.96,Net 60
503641,2025-04-12,2025-04-15,2025-05-09,SME,12954.97,Net 30
502987,2024-02-21,2024-03-03,2024-05-08,Government,96388.36,Net 60
501433,2025-10-15,2025-10-19,2025-11-19,SME,5661.19,Net 30
500076,2025-08-28,2025-09-10,2025-11-21,Government,253055.8,Net 60
502983,2025-04-21,2025-04-26,2025-05-31,Enterprise,46340.76,Net 30
501978,2025-08-03,2025-08-30,2025-10-12,Government,-9655.93,Net 60
503527,2025-03-23,2025-03-25,2025-04-30,SME,-2346.29,Net 30
501696,2024-05-30,2024-06-12,2024-08-25,Government,269451.4,Net 60
503972,2024-12-02,2024-12-07,2025-01-13,Enterprise,91962.18,Net 30
500821,2024-07-03,2024-07-06,2024-07-26,SME,11130.52,Net 30
502072,2024-12-26,2024-12-31,2025-01-26,SME,16666.6,Net 30
501835,2024-05-26,2024-05-29,2024-06-10,SME,16949.93,Net 30
503224,2025-08-16,2025-08-18,2025-09-09,SME,15767.04,Net 30
501223,2024-01-29,2024-01-30,2024-02-29,SME,10153.72,Net 30
501004,2025-05-31,2025-06-03,2025-07-08,SME,4379.33,Net 30
501379,2024-05-24,2024-05-27,2024-06-22,SME,5137.86,Net 30
501319,2024-12-09,2024-12-29,2025-03-19,Government,221134.56,Net 60
501856,2024-03-08,2024-03-08,2024-04-04,SME,11537.77,Net 30
501226,2025-07-05,2025-07-16,2025-09-15,Government,139763.22,Net60
502188,2024-12-07,2024-12-09,2025-01-18,SME,10003.95,Net 30
500390,2025-05-05,2025-05-09,2025-06-01,Enterprise,-5132.96,Net 30
502588,2025-09-20,2025-09-24,2025-10-18,Enterprise,83679.67,Net 30
500543,2024-10-20,2024-10-23,2024-11-12,SME,3966.6,Net 30
503164,2024-12-06,2024-12-08,2025-01-08,SME,11333.41,Net 30
502075,2025-09-09,2025-09-10,2025-10-22,Enterprise,106323.5,Net 30
500079,2025-01-27,2025-01-31,2025-03-11,Enterprise,72229.28,Net 30
501599,2025-03-02,2025-03-04,2025-03-28,Enterprise,27046.34,Net 30
503248,2024-03-25,2024-03-31,2024-04-29,Enterprise,51453.9,Net 30
503572,2024-11-15,2024-11-18,2024-12-24,SME,17009.78,Net 30
503672,2025-08-11,2025-08-14,2025-09-03,SME,16028.26,Net 30
500964,2025-02-14,2025-02-17,2025-03-17,SME,2953.34,Net 30
500521,2025-05-21,2025-05-30,2025-08-02,Government,296831.78,Net 60
500936,2025-08-06,2025-08-09,2025-09-17,SME,12989.89,NET 30
503220,2025-05-14,2025-05-17,2025-06-03,SME,3484.71,Net 30
500194,2024-07-16,2024-07-22,2024-10-11,Government,256025.74,Net 60
502754,2025-09-26,2025-09-29,2025-10-15,SME,9456.85,net 30
504162,2025-03-04,2025-03-05,2025-04-04,SME,3651.44,Net 30
503673,2025-05-15,2025-05-19,2025-06-24,Enterprise,38573.46,Net 30
503416,2024-01-27,2024-01-30,2024-03-13,SME,16061.46,Net 30
501500,2024-01-02,2024-01-03,2024-01-23,SME,13792.73,Net 30
503752,2025-04-20,2025-04-22,2025-05-19,SME,17604.05,Net 30
503765,2024-06-21,2024-06-24,2024-07-14,Enterprise,28746.69,Net 30
502406,2024-08-10,2024-08-12,2024-09-11,SME,17899.66,Net 30
500185,2025-09-13,2025-09-16,2025-10-19,SME,10966.41,Net 30
502219,2024-11-16,2024-11-17,2024-12-18,SME,13933.43,Net 30
501647,2024-08-29,2024-08-31,2024-09-22,SME,3462.56,Net 30
500582,2024-12-06,2024-12-09,2025-01-06,Enterprise,56477.33,Net 30
501140,2025-04-07,2025-04-13,2025-05-03,Enterprise,73725.79,NET 30
501495,2025-03-25,2025-04-09,2025-06-30,Government,196510.79,Net 60
500333,2024-08-27,2024-09-01,2024-10-19,Enterprise,37750.65,Net 30
502228,2024-04-17,2024-05-05,2024-07-11,Government,49669.06,Net 60
500098,2024-07-15,2024-07-18,2024-08-14,SME,11006.26,Net 30
504028,2024-08-27,2024-08-30,2024-10-06,Enterprise,44347.0,Net 30
504164,2025-02-09,2025-02-11,2025-03-19,Enterprise,102719.76,Net 30
500576,2024-10-05,2024-10-09,2024-11-09,SME,11384.13,Net 30
500787,2024-12-29,2025-01-02,2025-02-03,Enterprise,72716.13,Net 30
502308,2025-03-30,2025-03-30,2025-05-06,SME,8910.77,Net 30
501100,2025-05-05,2025-05-09,2025-06-08,SME,8723.04,Net 30
503112,2024-04-11,2024-04-11,2024-05-07,SME,7749.24,Net 30
501389,2025-07-06,2025-07-18,2025-09-17,Government,235015.12,Net 60
503081,2024-07-18,2024-07-22,2024-08-14,SME,10178.98,net 30
500619,2025-04-25,2025-04-25,2025-05-12,SME,16068.81,Net 30
501010,2024-07-30,2024-08-01,2024-08-22,SME,3752.76,Net 30
501798,2024-01-28,2024-01-31,2024-03-13,Enterprise,116948.01,Net 30
502301,2025-05-07,2025-05-10,2025-06-14,Enterprise,45252.2,Net 30
503693,2025-10-31,2025-11-01,2025-11-27,SME,9635.45,Net 30
503401,2025-01-08,2025-01-10,2025-01-27,Enterprise,117666.05,Net 30
501234,2025-07-02,2025-07-05,2025-07-30,SME,11763.03,Net30
502026,2024-06-12,2024-06-15,2024-07-19,Enterprise,71839.09,Net 30
503624,2025-04-04,2025-04-06,2025-04-22,SME,12228.12,Net 30
503742,2024-12-10,2024-12-14,2025-01-06,SME,13460.96,Net 30
501858,2024-01-11,2024-01-13,2024-02-14,SME,4961.91,net 30
501426,2024-08-25,2024-08-27,2024-09-30,SME,5254.39,Net 30
501795,2024-03-05,2024-03-17,2024-06-01,Government,262739.55,Net 60
501843,2024-04-04,2024-04-07,2024-05-14,Enterprise,93527.44,Net 30
502400,2025-02-02,2025-02-05,2025-03-14,SME,11693.18,Net 30
502395,2025-10-03,2025-10-03,,Government,164920.57,Net 60
502397,2025-10-24,2025-10-27,2025-11-16,SME,16746.2,Net 30
501224,2024-10-13,2024-10-16,2024-10-29,SME,7888.16,Net 30
503137,2025-09-23,2025-09-25,2025-10-13,SME,6484.14,Net 30
502664,2025-10-10,2025-10-25,,Government,289017.76,NET 60
501625,2024-10-19,2024-10-30,2025-01-30,Government,141512.84,Net 60
500200,2025-10-08,2025-10-13,2025-11-13,Enterprise,76132.24,Net 30
501150,2025-04-09,2025-04-11,2025-05-17,SME,6931.78,Net 30
500817,2025-02-05,2025-02-06,2025-03-23,SME,10029.06,Net 30
501846,2024-05-23,2024-05-23,2024-06-30,SME,17811.58,Net 30
501918,2024-11-02,2024-11-05,2024-12-11,SME,12133.68,Net 30
503858,2025-10-06,2025-10-07,2025-11-05,SME,5196.53,Net 30
500175,2025-10-08,2025-10-09,2025-11-23,Enterprise,103215.38,Net 30
501083,2024-10-23,2024-10-27,2024-11-26,SME,15327.9,Net 30
504071,2024-07-25,2024-07-29,2024-08-24,Enterprise,57874.55,Net 30
503537,2024-04-23,2024-04-24,2024-05-13,SME,10594.75,Net 30
500894,2025-03-31,2025-04-01,2025-04-22,SME,1802.99,Net 30
502941,2024-01-28,2024-01-29,2024-02-24,Enterprise,86950.13,Net 30
500022,2024-01-17,2024-01-22,2024-02-13,Enterprise,45503.77,Net 30
500643,2024-11-28,2024-12-01,2025-01-14,Enterprise,54498.54,Net 30
501274,2025-08-24,2025-08-25,2025-10-14,SME,2447.48,Net 30
501520,2025-08-15,2025-08-17,2025-09-19,SME,17932.83,Net 30
500303,2025-08-02,2025-08-05,2025-08-22,SME,10911.34,Net 30
501690,2024-11-13,2024-11-16,2024-12-21,Enterprise,110667.14,Net 30
504159,2025-02-15,2025-03-08,2025-04-24,Government,244759.11,Net 60
503902,2024-06-29,2024-07-03,2024-07-23,Enterprise,96375.48,Net 30
502638,2025-06-15,2025-06-25,2025-08-30,Government,192056.29,Net 60
501262,2024-03-05,2024-03-06,2024-03-28,SME,2722.05,Net 30
501703,2025-04-09,2025-04-10,2025-05-11,SME,10462.02,Net 30
501721,2024-04-03,2024-04-08,2024-05-25,Enterprise,49793.74,Net 30
502692,2024-11-11,2024-11-11,2024-12-01,SME,7494.15,Net 30
500847,2025-04-10,2025-04-13,2025-05-05,SME,17875.58,net 30
503459,2024-04-22,2024-04-22,2024-05-17,SME,2388.73,Net 30
501682,2024-12-12,2024-12-15,2025-01-01,SME,7264.42,Net 30
502708,2024-07-20,2024-07-24,2024-08-25,Enterprise,55780.55,Net 30
503274,2025-03-26,2025-03-29,2025-04-03,Enterprise,89569.73,Net 30
500711,2024-10-15,2024-10-16,2024-11-27,SME,7543.27,Net 30
501190,2024-10-10,2024-10-13,2024-11-02,SME,6107.11,Net 30
500726,2024-02-05,2024-02-06,2024-02-28,SME,12490.19,Net 30
500099,2024-02-08,2024-02-12,2024-03-13,SME,16811.55,Net 30
502669,2025-07-31,2025-08-01,2025-08-28,SME,12056.26,Net 30
500967,2024-08-23,2024-09-08,2024-10-29,Government,303079.31,Net 60
501877,2024-07-19,2024-07-20,2024-08-19,SME,13385.86,Net 30
501244,2025-09-29,2025-10-02,2025-11-04,Enterprise,101103.8,Net 30
500559,2025-06-20,2025-06-21,2025-07-07,Enterprise,89995.22,NET 30
501459,2024-07-04,2024-07-07,2024-08-05,Enterprise,15124.05,Net 30
503927,2024-09-29,2024-09-29,2024-10-22,SME,17763.41,Net 30
501144,2024-02-25,2024-02-27,2024-03-28,SME,4601.8,NET 30
504053,2025-07-11,2025-07-17,2025-08-29,Enterprise,102422.23,Net 30
500568,2024-06-12,2024-06-15,2024-07-16,SME,-1219.04,Net 30
501073,2025-10-04,2025-10-17,,Government,89850.69,Net 60
500489,2025-10-09,2025-10-10,2025-11-13,SME,7009.48,Net 30
501799,2024-12-22,2024-12-25,2025-01-17,SME,9576.65,net 30
500913,2024-01-16,2024-01-21,2024-02-18,Enterprise,87462.92,Net 30
502929,2024-08-09,2024-08-10,2024-09-01,SME,14618.31,NET 30
502137,2024-04-02,2024-04-08,2024-05-14,Enterprise,31927.13,Net 30
503665,2024-08-26,2024-08-31,2024-10-09,Enterprise,61004.01,Net 30
502964,2025-03-23,2025-03-28,2025-05-07,Enterprise,46921.16,Net 30
501465,2025-01-30,2025-02-02,2025-02-21,SME,10918.63,Net 30
500477,2025-10-01,2025-10-05,2025-11-09,SME,11791.47,Net 30
501241,2024-10-26,2024-10-30,2024-11-25,Enterprise,70126.17,Net 30
501885,2024-09-11,2024-09-12,2024-09-14,SME,9479.56,Net 30
501021,2024-04-28,2024-05-12,2024-06-13,Government,88620.41,NET 60
503246,2025-06-15,2025-06-18,2025-07-10,SME,9277.95,Net 30
500478,2025-05-04,2025-05-06,2025-05-31,SME,10678.13,Net 30
502663,2024-12-08,2024-12-09,2025-01-02,Enterprise,52950.11,Net30
500036,2024-11-14,2024-11-18,2025-01-04,SME,8640.52,Net 30
501613,2025-08-14,2025-08-25,2025-10-15,Government,163988.32,Net 60
502302,2024-07-02,2024-07-21,2024-09-24,Government,269111.71,Net 60
503576,2024-06-20,2024-06-22,2024-07-23,SME,8331.46,Net 30
501689,2024-06-10,2024-06-12,2024-06-25,SME,6447.69,Net 30
502224,2025-10-15,2025-10-19,2025-11-12,SME,9470.92,Net 30
503555,2025-07-25,2025-07-30,2025-08-28,Enterprise,44834.42,Net 30
501632,2024-06-27,2024-06-30,2024-07-30,Enterprise,66741.69,Net 30
502475,2025-08-08,2025-08-10,2025-09-16,Enterprise,87982.83,net 30
501684,2025-06-12,2025-06-16,2025-07-20,SME,13238.94,Net 30
501187,2025-06-02,2025-06-06,2025-07-11,Enterprise,82199.88,Net 30
500750,2024-02-07,2024-02-07,2024-02-29,SME,3072.3,Net 30
503535,2024-08-16,2024-08-20,2024-09-13,SME,16085.76,Net 30
500766,2025-06-28,2025-07-01,2025-08-18,SME,17668.86,Net 30
503302,2025-10-20,2025-10-21,2025-11-16,SME,11074.62,Net 30
500088,2024-10-17,2024-10-19,2024-11-21,SME,14037.28,Net 30
501322,2024-05-19,2024-05-23,2024-06-14,SME,6059.1,Net 30
501360,2025-03-02,2025-03-10,2025-04-24,Enterprise,-7742.48,NET 30
503607,2025-02-10,2025-02-25,2025-05-26,Government,125166.97,Net 60
502056,2024-07-22,2024-07-22,2024-08-15,SME,13916.0,Net 30
501025,2024-01-31,2024-01-31,2024-02-29,SME,15674.66,Net 30
501235,2025-04-24,2025-04-28,2025-06-15,Enterprise,30003.65,net 30
503151,2024-08-25,2024-09-11,2024-11-13,Government,185921.12,Net 60
503719,2025-09-20,2025-09-24,2025-10-14,Enterprise,100567.09,Net 30
502806,2024-03-22,2024-03-28,2024-05-01,Enterprise,88171.36,net 30
503003,2025-05-29,2025-06-08,2025-08-03,Government,26042.35,Net 60
500976,2025-03-05,2025-03-07,2025-03-17,Enterprise,79397.34,Net 30
501111,2025-07-05,2025-07-10,2025-08-12,Enterprise,70588.8,Net 30
502805,2024-12-16,2024-12-17,2025-01-24,SME,17675.46,Net 30
502486,2024-01-19,2024-01-21,2024-02-23,Enterprise,109441.77,Net 30
502052,2024-09-06,2024-09-12,2024-10-14,Enterprise,85900.22,Net 30
501608,2025-06-14,2025-06-18,2025-07-14,Enterprise,55617.03,Net 30
501385,2024-05-24,2024-06-14,2024-09-01,Government,38246.12,Net 60
501601,2025-05-14,2025-05-17,2025-06-20,Enterprise,59246.55,Net 30
501722,2025-09-12,2025-09-18,2025-10-16,Enterprise,72477.28,Net 30
502764,2025-09-14,2025-09-15,2025-10-05,SME,8275.03,Net 30
502295,2024-05-28,2024-06-03,2024-07-11,Enterprise,19076.13,Net 30
503021,2024-09-18,2024-09-21,2024-10-06,SME,4068.72,Net 30
502014,2024-06-20,2024-06-25,2024-08-27,Government,242236.86,NET 60
500772,2024-06-08,2024-06-09,2024-07-08,SME,12061.1,Net 30
503411,2025-05-29,2025-05-31,2025-06-26,SME,12567.24,Net 30
503831,2024-08-19,2024-08-19,2024-10-01,SME,15188.17,Net 30
502915,2024-08-14,2024-08-18,2024-09-21,Enterprise,21886.74,Net 30
500644,2025-05-29,2025-06-04,2025-07-19,Government,145536.18,Net 60
500512,2025-04-19,2025-04-21,2025-05-15,SME,2478.04,Net 30
501329,2024-02-06,2024-02-09,2024-03-13,Enterprise,92068.22,Net 30
500765,2024-08-05,2024-08-08,2024-09-17,SME,11488.09,Net 30
502693,2024-11-15,2024-11-17,2024-12-19,SME,5089.62,Net 30
503814,2024-07-13,2024-07-15,2024-07-30,SME,5955.93,Net 30
500792,2024-11-30,2024-12-02,2024-12-29,SME,6606.53,NET 30
502092,2024-03-19,2024-03-22,2024-04-21,SME,3762.44,Net 30
501800,2024-03-29,2024-04-02,2024-05-25,Enterprise,42876.35,NET 30
500373,2025-09-27,2025-09-30,2025-10-17,Enterprise,119743.49,Net 30
502276,2024-09-17,2024-09-19,2024-10-15,Enterprise,37884.78,Net 30
502364,2025-03-26,2025-03-27,2025-05-02,SME,6699.01,Net 30
502840,2025-04-27,2025-04-30,2025-05-22,SME,8929.21,NET 30
502227,2025-07-11,2025-07-20,2025-10-02,Government,255485.03,Net60
500692,2025-04-15,2025-04-17,2025-05-06,SME,-885.02,Net 30
500510,2024-11-19,2024-11-23,2024-12-26,SME,17403.18,Net 30
501943,2025-08-29,2025-09-01,2025-10-02,Enterprise,68229.06,Net 30
501874,2024-02-25,2024-02-26,2024-03-15,SME,8596.53,Net 30
501788,2024-03-16,2024-03-16,2024-04-08,SME,13283.41,Net 30
502199,2024-08-11,2024-08-14,2024-09-12,SME,8742.56,Net 30
501491,2024-10-17,2024-10-25,2024-12-17,Government,43550.3,Net 60
500586,2024-10-05,2024-10-06,2024-10-23,SME,14461.31,Net 30
501929,2024-08-30,2024-08-31,2024-09-30,SME,8612.82,Net 30
502120,2024-12-17,2024-12-18,2025-01-14,SME,14211.0,Net 30
501552,2024-11-04,2024-11-06,2024-11-17,SME,3263.37,Net 30
501779,2024-10-17,2024-10-18,2024-11-23,SME,7313.77,Net 30
502099,2024-10-26,2024-10-30,2024-11-17,Enterprise,99942.54,Net 30
502546,2025-04-28,2025-05-01,2025-05-13,SME,14235.23,Net 30
503255,2025-10-24,2025-10-25,2025-11-17,Enterprise,59153.96,Net 30
501618,2025-03-09,2025-03-13,2025-05-02,Enterprise,62030.82,Net 30
500429,2025-02-03,2025-02-08,2025-03-10,Enterprise,21391.27,Net 30
501524,2024-12-10,2024-12-12,2024-12-26,SME,7867.01,Net 30
500561,2024-02-14,2024-02-19,2024-04-02,Enterprise,118462.66,Net30
500038,2024-11-07,2024-11-20,2025-01-18,Government,157866.35,Net 60
500107,2025-07-27,2025-07-29,2025-08-23,SME,12113.3,Net30
501665,2024-02-01,2024-02-05,2024-02-26,SME,17182.46,Net 30
502123,2024-09-25,2024-09-27,2024-10-27,SME,12905.92,Net 30
502940,2024-06-17,2024-06-20,2024-07-11,SME,9254.25,Net 30
500401,2024-03-09,2024-03-13,2024-04-24,Enterprise,107830.15,Net30
500637,2025-08-13,2025-08-16,2025-09-05,Enterprise,58688.03,Net 30
500856,2024-05-11,2024-05-11,2024-05-30,SME,10764.43,Net 30
503196,2025-02-10,2025-02-26,2025-05-11,Government,106479.82,Net 60
501822,2024-11-21,2024-11-27,2025-01-11,Government,116381.11,Net 60
503010,2025-08-31,2025-09-01,2025-10-05,Enterprise,107816.75,Net 30
503696,2025-02-17,2025-03-03,2025-04-30,Government,262169.16,Net 60
503644,2025-03-26,2025-03-26,2025-05-09,Enterprise,100197.22,Net 30
503098,2024-11-12,2024-11-18,2025-01-02,Enterprise,98007.1,Net 30
501482,2024-02-09,2024-02-12,2024-03-06,SME,12901.43,Net 30
501525,2024-02-24,2024-02-29,2024-04-02,Enterprise,90059.82,Net 30
502558,2024-10-30,2024-11-14,2025-01-15,Government,261817.17,Net 60
504024,2024-04-13,2024-04-16,2024-05-20,SME,9667.06,Net 30
501755,2025-08-19,2025-08-24,2025-10-17,Enterprise,55774.25,Net 30
503421,2024-12-17,2024-12-17,2025-01-26,Enterprise,23887.17,net 30
503878,2025-02-01,2025-02-09,2025-04-10,Government,221213.13,Net 60
502338,2025-07-10,2025-07-15,2025-08-25,Enterprise,87160.19,Net 30
503491,2025-08-24,2025-08-26,2025-09-15,SME,16167.4,Net 30
500080,2025-09-07,2025-09-10,2025-10-07,SME,7097.33,Net 30
500871,2025-06-11,2025-06-12,2025-07-18,SME,17001.51,Net 30
501814,2025-02-16,2025-02-25,2025-03-19,Enterprise,105005.41,Net 30
503429,2025-07-11,2025-07-13,2025-08-03,SME,8930.47,Net30
500307,2025-10-02,2025-10-08,2025-10-30,Enterprise,58336.79,Net 30
500480,2024-10-29,2024-11-02,2024-11-19,SME,8537.22,Net 30
500977,2025-09-22,2025-09-24,2025-10-25,SME,14652.96,Net 30
500823,2025-10-05,2025-10-09,2025-11-14,Enterprise,24991.04,Net 30
500114,2024-01-13,2024-01-15,2024-02-26,Enterprise,61819.83,Net 30
502539,2024-09-10,2024-09-11,2024-10-04,Enterprise,51110.4,Net 30
503825,2024-06-12,2024-06-14,2024-07-14,SME,10281.68,Net 30
501118,2025-02-21,2025-02-24,2025-04-17,Enterprise,101034.65,Net 30
503538,2025-03-27,2025-03-29,2025-04-21,SME,2737.89,Net 30
503946,2024-09-18,2024-09-25,2024-10-15,Enterprise,37306.18,Net 30
500318,2024-12-21,2024-12-22,2025-01-27,SME,4279.04,Net 30
504061,2024-10-18,2024-10-18,2024-11-12,SME,11625.91,Net 30
503966,2024-09-15,2024-09-25,2024-12-03,Government,203249.0,Net 60
501327,2025-06-25,2025-07-01,2025-07-25,Enterprise,104217.16,Net 30
502279,2025-04-02,2025-04-03,2025-05-02,SME,2872.58,Net 30
503198,2024-07-29,2024-07-31,2024-08-29,SME,10942.93,Net 30
501996,2024-07-30,2024-08-01,2024-08-28,SME,6202.53,net 30
500548,2025-07-09,2025-07-11,2025-08-04,SME,6319.02,Net 30
504140,2024-07-11,2024-07-12,2024-08-30,Enterprise,25266.23,Net 30
502589,2025-04-14,2025-04-15,2025-05-29,SME,1863.12,Net 30
500064,2025-07-01,2025-07-11,2025-09-29,Government,207529.77,Net 60
503949,2025-07-22,2025-07-25,2025-08-27,SME,8216.22,Net 30
503739,2024-11-30,2024-12-03,2025-01-04,SME,17872.81,Net 30
502979,2025-08-15,2025-08-18,2025-10-02,Enterprise,45321.73,Net 30
501428,2025-10-09,2025-10-12,2025-11-06,SME,16019.49,Net 30
501068,2025-05-04,2025-05-21,2025-07-15,Government,165120.84,Net 60
502191,2024-04-08,2024-04-10,2024-05-17,Enterprise,85841.47,Net 30
503980,2024-09-10,2024-09-21,2024-12-16,Government,99480.59,Net 60
503104,2025-10-17,2025-10-19,2025-11-10,SME,14104.81,Net 30
500555,2024-10-02,2024-10-06,2024-10-23,SME,12958.42,net 30
501778,2024-11-10,2024-11-12,2024-12-07,SME,6262.6,Net30
502286,2025-08-08,2025-08-13,2025-09-22,Enterprise,-7835.23,Net 30
503240,2025-07-09,2025-07-11,2025-08-22,SME,8006.15,Net 30
503246,2025-06-15,2025-06-18,2025-07-10,SME,9277.95,Net 30
503688,2024-08-17,2024-09-08,2024-10-25,Government,318808.73,Net 60
500678,2025-05-18,2025-05-23,2025-06-23,Enterprise,23191.0,Net 30
503487,2024-10-31,2024-11-01,2024-11-22,SME,-2672.02,Net 30
501161,2025-08-20,2025-08-23,2025-09-20,SME,12092.42,Net 30
503443,2025-01-07,2025-01-07,2025-02-18,SME,11419.59,Net 30
502616,2025-08-05,2025-08-05,2025-09-20,Enterprise,86791.13,Net 30
501237,2024-05-29,2024-06-02,2024-07-20,SME,11370.06,Net 30
501002,2024-02-13,2024-02-16,2024-03-08,SME,14494.04,Net 30
500281,2025-07-26,2025-07-27,2025-08-03,SME,4562.64,Net 30
502113,2025-02-09,2025-02-11,2025-03-23,Enterprise,77494.02,Net30
503432,2025-07-29,2025-07-31,2025-08-25,Enterprise,113984.19,Net 30
502456,2024-05-08,2024-05-12,2024-06-17,Enterprise,51318.66,Net 30
500113,2025-09-07,2025-09-10,2025-10-12,Enterprise,88479.41,Net 30
503539,2025-03-06,2025-03-07,2025-03-21,SME,10716.8,Net 30
501719,2024-06-28,2024-06-29,2024-07-19,SME,17633.35,Net 30
500425,2025-10-07,2025-10-09,2025-11-21,SME,2591.35,NET 30
501787,2024-11-16,2024-11-17,2024-12-11,Enterprise,38267.94,Net 30
500743,2024-01-19,2024-01-23,2024-03-04,Enterprise,18875.2,Net 30
503524,2024-02-15,2024-02-18,2024-04-07,Enterprise,104500.62,Net 30
503740,2025-06-07,2025-06-09,2025-07-18,SME,17475.75,net 30
502567,2024-02-13,2024-02-16,2024-03-09,SME,-817.23,net 30
503962,2025-07-05,2025-07-12,2025-07-28,Enterprise,103453.09,Net 30
502674,2025-03-06,2025-03-07,2025-04-12,SME,15972.65,Net 30
500335,2024-09-22,2024-09-28,2024-11-03,Enterprise,23627.78,Net 30
501007,2025-04-29,2025-05-03,2025-06-14,Enterprise,47591.62,Net 30
501609,2025-09-16,2025-09-18,2025-10-03,SME,14719.0,Net 30
500217,2025-05-21,2025-05-24,2025-07-05,Enterprise,38395.16,Net 30
502785,2024-03-29,2024-04-01,2024-05-03,SME,3583.03,net 30
501413,2025-02-25,2025-02-25,2025-04-03,SME,-1387.83,Net 30
500824,2024-10-23,2024-10-25,2024-11-16,SME,-1361.07,Net 30
501301,2024-06-27,2024-07-02,2024-08-05,Enterprise,58087.57,Net 30
500284,2025-09-30,2025-10-10,2025-11-26,Government,78189.51,Net60
502659,2024-09-15,2024-09-16,2024-10-13,SME,13687.79,Net 30
500963,2024-06-16,2024-06-16,2024-07-13,SME,6446.13,Net 30
501715,2024-09-03,2024-09-05,2024-10-14,SME,7398.06,Net 30
501658,2024-03-27,2024-03-31,2024-04-28,Enterprise,97128.98,Net 30
500266,2024-10-28,2024-10-30,2024-12-05,Enterprise,27424.44,Net 30
502997,2024-10-07,2024-10-10,2024-11-07,Enterprise,100815.89,Net 30
503489,2024-12-07,2024-12-10,2024-12-28,SME,14951.52,Net 30
503026,2024-06-15,2024-06-29,2024-09-17,Government,195531.58,NET 60
504120,2025-10-24,2025-10-28,2025-12-03,SME,9537.32,NET 30
503106,2024-01-08,2024-01-15,2024-03-26,Government,240350.83,Net 60
503969,2024-06-25,2024-06-27,2024-07-08,SME,15466.34,Net 30
500697,2024-11-06,2024-11-14,2025-01-05,Government,88867.22,Net 60
502799,2025-09-07,2025-09-18,2025-12-04,Government,269858.16,Net 60
502329,2025-05-09,2025-05-14,2025-06-11,SME,3642.68,Net 30
500594,2024-07-11,2024-07-15,2024-08-12,SME,10248.93,Net 30
500348,2024-03-07,2024-03-12,2024-04-07,Enterprise,113837.07,NET 30
502623,2024-10-15,2024-10-17,2024-11-10,SME,4043.67,Net 30
502860,2024-02-09,2024-02-12,2024-03-19,SME,6982.76,NET 30
502361,2024-01-02,2024-01-07,2024-02-09,Enterprise,82833.0,net 30
503263,2024-08-11,2024-08-11,2024-09-05,Enterprise,56673.02,Net 30
503475,2025-07-06,2025-07-07,2025-08-08,Enterprise,55500.34,Net 30
502527,2024-04-08,2024-04-12,2024-05-24,SME,-1743.33,Net 30
502660,2025-05-24,2025-05-27,2025-06-22,SME,14866.69,Net 30
503388,2024-01-28,2024-01-30,2024-02-20,SME,10204.4,NET 30
503763,2024-10-01,2024-10-03,2024-10-26,SME,16953.97,NET 30
501119,2025-04-07,2025-04-10,2025-05-09,SME,9497.75,Net 30
501833,2025-05-06,2025-05-15,2025-06-22,Enterprise,85944.19,Net 30
501915,2025-02-15,2025-02-18,2025-03-16,SME,7319.46,Net 30
500959,2024-05-25,2024-05-27,2024-06-27,SME,4764.23,Net30
503621,2024-09-27,2024-10-03,2024-11-15,Enterprise,50524.24,Net 30
500991,2025-05-03,2025-05-06,2025-05-20,SME,3792.07,Net 30
502027,2024-02-05,2024-02-05,2024-02-17,SME,7609.09,Net 30
500010,2025-05-12,2025-05-29,2025-08-12,Government,136854.84,net 60
500851,2024-12-07,2024-12-16,2025-01-18,Enterprise,59842.5,Net 30
502599,2024-09-04,2024-09-11,2024-09-29,Enterprise,85214.45,Net 30
502568,2025-09-05,2025-09-09,2025-10-05,SME,13373.69,Net 30
502715,2024-11-20,2024-12-03,2025-02-16,Government,130760.68,Net 60
503103,2024-07-21,2024-07-25,2024-08-25,Enterprise,38033.09,Net 30
500719,2024-09-04,2024-09-08,2024-09-24,SME,7645.2,Net 30
501940,2025-04-30,2025-05-05,2025-06-11,Enterprise,24994.51,Net 30
500583,2024-12-17,2024-12-18,2025-01-08,Enterprise,20719.41,Net 30
500811,2024-11-04,2024-11-08,2024-12-19,Enterprise,-12814.85,Net 30
502392,2024-02-05,2024-02-08,2024-03-14,SME,4948.47,Net 30
502240,2024-11-17,2024-11-20,2024-12-10,Enterprise,72046.1,Net 30
502910,2024-08-04,2024-08-06,2024-08-31,SME,10905.51,Net 30
503049,2025-05-10,2025-05-12,2025-06-30,Enterprise,58737.46,Net 30
501125,2025-08-20,2025-08-24,2025-10-06,Enterprise,105943.68,Net 30
501902,2024-12-15,2024-12-16,2024-12-29,SME,16231.02,Net 30
503140,2025-05-08,2025-05-22,2025-07-29,Government,194844.25,net 60
502636,2025-05-12,2025-05-14,2025-06-02,SME,5919.96,Net 30
501622,2024-10-23,2024-10-28,2024-12-09,Enterprise,41813.19,Net30
502787,2024-08-19,2024-08-25,2024-09-22,Enterprise,99550.31,Net 30
500075,2024-06-07,2024-06-07,2024-07-10,SME,-3456.99,Net30
501359,2025-05-19,2025-05-21,2025-06-07,SME,12842.11,Net30
504012,2025-07-16,2025-07-20,2025-08-09,SME,14010.13,Net 30
501768,2024-01-30,2024-01-30,2024-02-27,SME,6435.46,net 30
503506,2025-05-25,2025-06-03,2025-09-13,Government,49614.6,Net 60
502725,2025-01-12,2025-01-14,2025-02-17,SME,9613.58,Net 30
500157,2024-02-15,2024-02-20,2024-04-01,Enterprise,58140.12,Net 30
503915,2025-04-26,2025-04-27,2025-05-18,SME,-3126.74,Net30
503398,2025-07-29,2025-07-30,2025-08-26,Enterprise,108261.84,Net 30
502877,2025-09-22,2025-09-26,2025-11-07,Enterprise,105350.04,Net 30
501120,2024-01-05,2024-01-08,2024-02-05,SME,16577.11,Net 30
501553,2025-06-09,2025-06-15,2025-07-23,Enterprise,-7861.63,Net 30
500189,2025-07-01,2025-07-04,2025-08-04,SME,17901.08,Net 30
502407,2024-11-22,2024-11-25,2024-12-19,Enterprise,73052.68,Net 30
503847,2024-06-22,2024-06-24,2024-07-27,SME,17786.52,Net 30
502579,2025-04-19,2025-04-30,2025-07-20,Government,309692.84,Net 60
502920,2024-09-19,2024-09-21,2024-10-20,Enterprise,29901.24,Net 30
502913,2024-12-14,2024-12-16,2025-01-09,SME,7872.13,Net 30
501071,2024-06-13,2024-06-15,2024-07-06,SME,7916.83,Net 30
504004,2024-09-22,2024-10-09,2024-12-22,Government,293650.17,Net 60
501135,2025-10-25,2025-10-26,2025-11-23,SME,11576.7,Net 30
503203,2024-04-22,2024-04-23,2024-05-10,Enterprise,29003.49,Net 30
502844,2025-09-12,2025-09-15,2025-10-19,SME,6718.02,Net 30
502844,2025-09-12,2025-09-15,2025-10-19,SME,6718.02,Net 30
503574,2025-06-12,2025-06-22,2025-08-24,Government,50040.03,Net 60
500748,2024-08-06,2024-08-07,2024-08-24,SME,12554.78,Net 30
503600,2025-03-10,2025-03-13,2025-04-08,Enterprise,102106.64,NET 30
504196,2025-02-24,2025-02-28,2025-04-08,SME,10812.46,Net 30
503485,2024-03-03,2024-03-06,2024-04-11,SME,5303.52,Net 30
503208,2025-06-11,2025-06-14,2025-07-13,Enterprise,-7018.7,Net 30
502402,2025-09-26,2025-10-13,,Government,86123.92,Net 60
500259,2024-09-07,2024-09-09,2024-10-24,SME,6099.8,Net 30
500063,2025-06-23,2025-06-29,2025-07-31,Enterprise,88764.72,Net 30
502062,2024-08-30,2024-09-02,2024-10-03,SME,4622.14,Net 30
500705,2025-06-18,2025-06-21,2025-07-04,SME,5142.12,Net 30
504144,2024-03-07,2024-03-11,2024-04-10,SME,17802.99,NET 30
500181,2024-09-03,2024-09-04,2024-10-02,SME,8490.18,Net 30
501009,2025-07-08,2025-07-11,2025-09-26,Government,319158.44,Net 60
502828,2025-08-26,2025-08-26,2025-09-24,Enterprise,108415.88,Net 30
502006,2025-08-13,2025-08-13,2025-08-26,Enterprise,70683.18,Net 30
503358,2025-08-12,2025-08-14,2025-09-15,SME,13578.52,Net 30
501166,2025-07-20,2025-07-24,2025-09-01,Enterprise,41747.68,Net 30
503560,2025-03-19,2025-03-22,2025-04-24,SME,9751.51,Net 30
500729,2025-10-28,2025-10-28,2025-11-28,SME,7952.35,Net 30
501912,2025-05-09,2025-05-17,2025-07-13,Government,201654.73,Net 60
501523,2025-02-28,2025-03-09,2025-06-20,Government,230593.66,Net 60
502450,2024-09-15,2024-09-19,2024-10-17,Enterprise,110325.57,Net 30
503265,2025-04-07,2025-04-13,2025-05-21,Enterprise,78716.35,Net 30
503518,2024-06-26,2024-06-29,2024-07-31,SME,14935.41,Net 30
500084,2024-05-15,2024-05-30,2024-08-19,Government,199319.97,Net 60
501796,2025-05-17,2025-05-21,2025-06-30,Enterprise,74821.78,Net 30
502007,2025-05-18,2025-05-26,2025-08-05,Government,145301.16,Net 60
502157,2024-05-29,2024-06-07,2024-07-15,Enterprise,83470.96,Net 30
500236,2024-12-29,2025-01-01,2025-02-20,Enterprise,79066.19,Net 30
500125,2024-10-19,2024-10-21,2024-12-07,Enterprise,47537.41,Net 30
500147,2025-09-03,2025-09-16,,Government,177042.91,Net 60
500596,2025-08-09,2025-08-12,2025-08-27,SME,6855.69,Net 30
500604,2024-07-13,2024-07-18,2024-08-11,Enterprise,47191.85,Net 30
503451,2025-02-26,2025-02-27,2025-04-07,SME,8784.1,net 30
501806,2025-10-28,2025-10-29,2025-12-05,SME,1885.92,Net 30
500819,2024-12-31,2025-01-06,2025-02-14,Enterprise,19100.22,Net 30
503514,2024-11-25,2024-11-26,2024-12-25,SME,11948.57,Net 30
502982,2024-04-15,2024-04-16,2024-05-04,SME,16260.21,net 30
500509,2024-04-27,2024-04-30,2024-06-06,Enterprise,23575.83,NET 30
502047,2024-03-17,2024-03-20,2024-04-17,Enterprise,16327.41,Net 30
502824,2024-10-20,2024-10-20,2024-11-17,SME,9499.94,Net 30
502232,2025-06-07,2025-06-10,2025-07-09,SME,2961.18,Net 30
503406,2024-11-03,2024-11-13,2025-01-09,Government,151638.38,Net 60
501016,2024-01-09,2024-01-09,2024-02-06,SME,4563.85,Net 30
500566,2025-05-17,2025-05-18,2025-06-02,SME,1706.33,Net 30
501668,2025-01-27,2025-01-31,2025-03-03,SME,12849.53,net 30
502422,2024-11-03,2024-11-05,2024-12-16,SME,1995.05,Net 30
501974,2024-05-02,2024-05-12,2024-07-18,Government,94163.89,Net 60
502030,2025-06-14,2025-06-17,2025-06-30,SME,3616.14,Net 30
501504,2024-04-30,2024-05-02,2024-05-31,SME,13020.59,Net 30
500287,2025-03-22,2025-03-27,2025-05-22,Enterprise,112479.69,Net 30
500208,2024-01-16,2024-01-18,2024-02-01,SME,15654.26,Net 30
500382,2025-08-25,2025-08-28,2025-10-03,SME,14680.37,Net 30
500033,2024-06-28,2024-07-01,2024-07-24,SME,5402.85,Net 30
500578,2025-06-14,2025-06-16,2025-07-16,Enterprise,75444.87,Net 30
503287,2025-07-20,2025-08-02,2025-10-06,Government,204886.81,Net 60
501393,2024-11-25,2024-12-09,2025-02-15,Government,68953.05,Net60
500417,2024-04-12,2024-04-15,2024-05-28,Enterprise,34576.19,Net 30
500944,2024-06-30,2024-07-21,2024-09-14,Government,307891.46,Net 60
503864,2024-04-24,2024-04-30,2024-06-12,Enterprise,71820.3,Net 30
500940,2024-01-18,2024-01-19,2024-02-04,SME,13296.74,Net 30
501708,2025-02-08,2025-02-11,2025-03-14,Enterprise,106270.99,Net 30
503346,2024-08-17,2024-08-18,2024-09-04,SME,14581.7,Net 30
500053,2024-07-13,2024-07-31,2024-09-26,Government,171967.8,Net 60
502313,2024-11-20,2024-11-22,2025-01-05,SME,3610.99,Net 30
503774,2025-04-18,2025-04-20,2025-05-11,SME,16295.87,Net 30
501971,2025-01-18,2025-01-21,2025-03-08,Enterprise,72171.48,Net 30
502834,2025-06-14,2025-06-21,2025-07-27,Enterprise,103005.22,net 30
502311,2025-07-07,2025-07-09,2025-08-10,SME,17668.62,NET 30
500086,2025-10-25,2025-10-28,2025-12-04,Enterprise,78198.64,Net 30
502377,2025-01-05,2025-01-06,2025-02-08,Enterprise,57542.12,Net 30
500505,2024-11-06,2024-11-08,2025-01-20,Government,313055.74,Net 60
502632,2025-01-17,2025-01-22,2025-02-23,Enterprise,96009.13,Net 30
501456,2024-09-30,2024-10-04,2024-11-24,Enterprise,57579.14,Net 30
500542,2024-04-27,2024-04-27,2024-05-25,SME,14374.22,Net 30
500507,2025-03-15,2025-04-01,2025-06-16,Government,289848.74,Net 60
501635,2025-07-21,2025-07-26,2025-08-16,Enterprise,95884.42,Net30
504116,2025-02-18,2025-02-24,2025-02-25,Enterprise,97981.61,NET 30
500790,2025-05-31,2025-06-02,2025-07-05,SME,2081.16,Net 30
503911,2024-04-09,2024-04-11,2024-05-10,SME,11843.15,Net 30
500035,2025-06-27,2025-07-09,2025-09-15,Government,53491.03,Net 60
503290,2024-04-02,2024-04-10,2024-06-09,Government,45089.89,Net 60
501296,2024-12-16,2024-12-17,2025-01-02,SME,12179.03,net 30
500457,2025-04-26,2025-05-11,2025-07-28,Government,290145.0,Net 60
503627,2025-07-29,2025-08-08,2025-10-21,Government,154602.44,Net 60
501182,2025-10-20,2025-10-20,2025-11-20,SME,7716.87,Net 30
501790,2025-08-13,2025-08-17,2025-09-21,Enterprise,31066.21,Net30
500152,2025-09-13,2025-09-17,2025-10-16,SME,14148.59,Net 30
503842,2024-10-02,2024-10-05,2024-11-15,Enterprise,78760.15,net 30
503959,2025-04-30,2025-05-01,2025-05-24,SME,8008.29,Net 30
502271,2024-02-10,2024-02-15,2024-03-23,Enterprise,84896.07,NET 30
502194,2024-12-15,2024-12-18,2025-01-15,SME,9477.56,Net 30
501444,2024-11-08,2024-11-09,2024-11-28,SME,10143.97,Net 30
500623,2025-05-13,2025-05-17,2025-06-20,Enterprise,69471.15,Net 30
500159,2025-04-07,2025-04-10,2025-05-18,SME,7107.32,Net 30
501398,2025-05-12,2025-05-13,2025-05-29,SME,15721.21,Net 30
502900,2024-09-05,2024-09-10,2024-09-30,Enterprise,29802.49,Net 30
503656,2025-04-25,2025-04-27,2025-05-23,SME,4282.78,Net 30
503376,2025-08-02,2025-08-05,2025-08-27,SME,9022.5,Net 30
502174,2024-06-17,2024-06-22,2024-07-05,Enterprise,17554.08,Net 30
502054,2025-08-05,2025-08-07,2025-09-07,SME,6094.73,Net 30
500590,2024-11-30,2024-12-05,2025-01-15,Enterprise,90501.67,Net30
500381,2024-02-07,2024-02-13,2024-05-12,Government,205258.56,Net 60
501556,2024-01-24,2024-01-27,2024-02-29,Enterprise,59198.83,Net 30
502549,2024-01-30,2024-01-31,2024-03-02,SME,16760.46,Net 30
500205,2024-03-12,2024-03-16,2024-04-27,Enterprise,94704.14,Net 30
500356,2025-06-21,2025-06-24,2025-07-12,Enterprise,69523.1,Net 30
502003,2025-09-04,2025-09-05,2025-10-02,SME,5546.14,Net30
502618,2024-07-13,2024-07-14,2024-08-10,SME,3365.26,Net 30
500044,2025-04-04,2025-04-07,2025-05-04,SME,8622.4,net 30
503095,2025-03-25,2025-03-27,2025-04-18,SME,13361.66,net 30
502008,2024-06-29,2024-07-02,2024-08-05,Enterprise,103615.69,Net 30
500958,2025-05-22,2025-05-23,2025-06-07,SME,7003.11,Net 30
500049,2025-07-16,2025-07-18,2025-07-25,SME,6680.31,Net 30
501782,2024-01-04,2024-01-20,2024-04-24,Government,240738.49,Net 60
503978,2024-03-18,2024-04-01,2024-06-21,Government,319334.27,Net 60
503517,2025-08-14,2025-08-19,2025-09-14,SME,2727.05,Net 30
501681,2024-12-31,2025-01-03,2025-02-03,SME,6691.93,Net 30
503077,2024-03-19,2024-03-24,2024-04-21,SME,15091.79,Net 30
501233,2025-10-29,2025-10-31,2025-11-29,SME,12543.65,Net 30
501069,2024-02-26,2024-02-28,2024-04-07,SME,3539.78,Net 30
501134,2024-01-07,2024-01-10,2024-02-15,SME,9370.89,Net 30
503855,2025-02-22,2025-02-25,2025-03-18,SME,5808.12,Net 30
503743,2025-05-03,2025-05-06,2025-06-14,Enterprise,40660.48,Net 30
503322,2024-09-25,2024-09-27,2024-10-04,Enterprise,82555.72,Net 30
500139,2024-09-08,2024-09-11,2024-10-09,SME,8882.79,Net 30
503146,2024-09-11,2024-09-15,2024-10-08,SME,12564.34,Net 30
500211,2025-08-29,2025-09-01,2025-10-02,Enterprise,54167.16,Net 30
501944,2024-12-05,2024-12-15,2025-01-31,Government,37350.91,Net 60
503510,2024-07-11,2024-07-27,2024-10-05,Government,81460.97,Net 60
500223,2024-01-22,2024-01-23,2024-02-03,SME,4029.9,Net 30
502454,2024-08-31,2024-09-01,2024-09-22,SME,3804.7,Net 30
501460,2025-01-24,2025-01-27,2025-03-01,SME,9425.48,Net 30
503894,2024-07-03,2024-07-03,2024-08-14,SME,12097.77,Net 30
502737,2025-02-28,2025-03-03,2025-03-23,SME,5973.82,Net 30
504198,2025-01-07,2025-01-09,2025-01-24,SME,6470.44,Net 30
503570,2024-04-20,2024-04-26,2024-06-01,Enterprise,42586.61,Net 30
501501,2025-04-01,2025-04-03,2025-05-19,SME,17380.46,Net 30
500661,2025-09-22,2025-10-08,,Government,186193.28,Net 60
501278,2024-08-24,2024-08-25,2024-09-26,SME,9169.54,Net30
504195,2025-08-29,2025-09-13,2025-11-07,Government,299864.88,Net 60
504125,2024-05-07,2024-05-10,2024-06-04,SME,4922.74,Net 30
503709,2025-06-09,2025-06-11,2025-06-22,SME,7376.56,Net 30
503324,2024-07-21,2024-07-24,2024-09-06,Enterprise,104605.46,Net 30
502124,2024-09-18,2024-09-21,2024-10-04,SME,3153.54,Net 30
502959,2024-03-11,2024-03-15,2024-03-26,SME,-2969.49,Net 30
501528,2024-07-23,2024-07-26,2024-08-22,SME,8840.58,Net 30
502676,2024-10-19,2024-10-27,2024-12-13,Government,137462.2,Net 60
503843,2025-06-10,2025-06-13,2025-07-27,Enterprise,68311.45,Net 30
500900,2024-10-15,2024-10-17,2024-10-28,SME,13054.07,Net 30
502933,2025-02-21,2025-02-28,2025-05-10,Government,159070.87,Net 60
502686,2025-06-17,2025-06-21,2025-07-11,SME,3106.7,Net 30
500421,2024-12-22,2024-12-24,2025-02-16,Enterprise,45022.95,Net 30
501561,2024-11-30,2024-12-01,2025-01-07,SME,5610.14,Net 30
503623,2024-02-28,2024-03-03,2024-04-12,Enterprise,100941.95,Net 30
503256,2024-07-30,2024-08-01,2024-09-05,SME,5850.22,Net 30
503011,2025-07-07,2025-07-09,2025-07-29,Enterprise,31214.06,Net 30
502577,2025-02-12,2025-02-19,2025-03-14,Enterprise,111519.42,NET 30
500789,2024-11-05,2024-11-07,2024-12-09,SME,3315.41,Net 30
503955,2024-06-29,2024-07-06,2024-08-04,Enterprise,74789.51,Net 30
500710,2025-09-24,2025-10-09,2025-11-18,Government,-12259.8,Net 60
504029,2024-07-13,2024-07-17,2024-08-19,SME,4728.66,Net 30
502336,2025-10-16,2025-10-18,2025-11-16,SME,14752.33,NET 30
501321,2024-02-04,2024-02-05,2024-02-25,SME,15489.15,Net 30
502203,2024-02-09,2024-02-10,2024-03-03,SME,1927.1,Net 30
503699,2024-04-11,2024-04-17,2024-05-23,Enterprise,41846.2,Net 30
502200,2024-05-16,2024-05-17,2024-06-12,SME,14989.85,Net 30
501916,2024-06-06,2024-06-10,2024-07-05,SME,5634.58,Net 30
500006,2024-11-25,2024-11-27,2024-12-14,SME,6781.77,Net 30
503678,2024-04-09,2024-04-15,2024-05-13,Enterprise,18966.23,Net 30
502249,2025-10-30,2025-11-03,,Enterprise,18431.07,net 30
504026,2025-07-19,2025-07-21,2025-08-19,SME,-1204.23,Net 30
503579,2025-09-18,2025-09-21,2025-10-24,SME,17477.91,Net 30
501518,2024-08-24,2024-09-01,2024-11-05,Government,237825.67,Net 60
500953,2025-08-19,2025-08-23,2025-09-22,Enterprise,-10260.1,Net 30
503125,2025-10-01,2025-10-04,2025-10-28,SME,12900.53,Net 30
503262,2025-02-20,2025-03-05,2025-05-09,Government,188484.5,Net 60
503726,2024-10-21,2024-10-23,2024-12-01,SME,1695.04,Net 30
501254,2024-09-05,2024-09-09,2024-10-21,SME,9292.23,Net 30
500372,2025-05-25,2025-05-29,2025-06-30,Enterprise,29265.78,Net 30
503355,2024-08-26,2024-08-28,2024-10-21,Enterprise,107674.59,Net 30
501372,2025-10-03,2025-10-04,2025-11-20,Enterprise,32079.93,Net 30
501132,2024-09-11,2024-09-13,2024-10-19,Enterprise,69197.34,Net 30
502649,2024-08-30,2024-08-31,2024-10-04,SME,10968.97,Net 30
502170,2024-11-19,2024-11-19,2024-12-18,SME,2106.4,Net 30
501764,2024-02-14,2024-02-19,2024-03-27,Enterprise,86374.32,Net 30
501011,2025-05-30,2025-06-03,2025-06-29,SME,9928.63,Net 30
501842,2024-03-22,2024-03-23,2024-04-17,SME,12136.32,Net 30
500904,2024-10-23,2024-11-07,2025-02-08,Government,146385.39,Net 60
503193,2025-09-11,2025-09-13,2025-10-10,SME,2151.47,Net30
501049,2024-02-05,2024-02-07,2024-03-18,SME,9636.14,Net 30
503610,2025-10-30,2025-11-01,2025-11-29,SME,4097.52,Net 30
503827,2024-04-08,2024-04-11,2024-05-13,Enterprise,92880.87,Net 30
503161,2024-04-14,2024-04-15,2024-05-22,Enterprise,22758.96,Net 30
503958,2025-05-11,2025-05-14,2025-06-20,Enterprise,32947.25,Net 30
500306,2024-01-06,2024-01-10,2024-02-09,Enterprise,57541.06,Net 30
503554,2025-07-07,2025-07-30,2025-09-26,Government,250276.97,Net 60
502907,2025-01-06,2025-01-08,2025-01-21,SME,16697.26,Net 30
502318,2025-07-30,2025-08-02,2025-09-04,SME,3904.18,Net 30
504073,2025-02-06,2025-02-10,2025-03-12,SME,4475.51,Net 30
502819,2025-08-20,2025-09-09,2025-11-14,Government,179218.89,Net 60
503186,2024-02-05,2024-02-06,2024-03-04,SME,13842.96,Net 30
500502,2024-03-22,2024-03-22,2024-04-16,SME,14367.43,Net 30
503136,2024-01-10,2024-01-13,2024-01-30,SME,9437.91,Net 30
502580,2025-08-30,2025-09-01,2025-10-08,SME,16629.08,Net 30
503167,2024-09-23,2024-09-25,2024-10-27,SME,8327.4,Net 30
503410,2025-06-25,2025-06-27,2025-08-13,SME,6696.24,Net 30
501122,2025-07-06,2025-07-08,2025-08-05,SME,10821.03,Net 30
502697,2024-01-13,2024-01-16,2024-02-28,Enterprise,112797.4,Net 30
501103,2025-01-09,2025-01-10,2025-02-12,SME,8402.8,Net 30
503985,2025-08-27,2025-08-28,2025-10-01,SME,6690.87,Net 30
500620,2024-04-29,2024-05-12,2024-07-21,Government,306790.27,Net 60
500779,2024-02-08,2024-02-15,2024-04-22,Government,119436.73,Net 60
503195,2024-06-08,2024-06-10,2024-07-10,Enterprise,93154.98,Net 30
501883,2025-02-27,2025-03-02,2025-04-05,SME,12665.24,Net 30
502935,2024-04-22,2024-04-23,2024-05-22,SME,4242.16,Net 30
501346,2025-07-08,2025-07-11,2025-07-28,SME,8324.02,Net 30
503464,2024-02-02,2024-02-15,2024-04-21,Government,163332.95,Net 60
500627,2025-04-01,2025-04-02,2025-04-22,SME,3515.37,Net 30
500547,2024-12-08,2024-12-09,2025-01-30,Enterprise,94320.15,Net 30
502526,2024-06-25,2024-06-28,2024-08-01,Enterprise,40363.82,Net 30
500885,2024-04-12,2024-05-01,2024-06-09,Government,-14978.65,Net 60
500167,2025-03-08,2025-03-10,2025-04-20,Enterprise,46385.97,Net 30
502521,2024-01-21,2024-01-28,2024-03-02,Enterprise,115949.79,Net 30
503983,2024-10-06,2024-10-06,2024-11-23,Enterprise,-21852.8,Net 30
502869,2025-09-01,2025-09-04,2025-09-29,SME,15973.19,Net 30
502187,2025-10-04,2025-10-08,2025-11-03,SME,-3493.91,Net 30
503258,2024-10-03,2024-10-04,2024-11-11,SME,-564.46,Net 30
501804,2024-01-13,2024-01-17,2024-02-16,SME,2734.28,Net 30
503389,2024-12-01,2024-12-05,2024-12-26,SME,5659.09,Net 30
502159,2024-05-15,2024-05-29,2024-08-04,Government,290039.24,Net 60
500225,2025-08-17,2025-08-20,2025-09-11,SME,3374.81,Net 30
502564,2024-09-18,2024-09-20,2024-11-07,Enterprise,81425.29,Net 30
501948,2025-05-30,2025-06-02,2025-06-24,SME,14872.12,Net30
502473,2025-01-24,2025-02-01,2025-04-25,Government,200416.32,Net 60
500265,2025-08-02,2025-08-03,2025-09-01,SME,8865.51,Net 30
500183,2025-09-08,2025-09-12,2025-10-16,SME,2185.1,NET 30
501973,2024-10-07,2024-10-20,2024-12-23,Government,140795.47,Net 60
502182,2025-04-17,2025-04-19,2025-05-08,SME,5165.74,Net 30
501707,2025-01-13,2025-01-16,2025-02-26,Enterprise,82615.67,Net 30
501273,2025-08-22,2025-08-25,2025-09-23,SME,4580.59,Net 30
501769,2025-10-22,2025-11-04,,Government,175521.83,Net 60
501028,2024-03-01,2024-03-04,2024-04-18,Enterprise,98740.83,Net 30
503584,2025-03-30,2025-04-01,2025-04-24,SME,6429.44,Net 30
501922,2024-05-28,2024-06-01,2024-07-05,Enterprise,86293.71,Net 30
501431,2024-12-09,2024-12-18,2025-02-26,Government,180684.12,Net 60
503833,2024-06-07,2024-06-10,2024-07-18,SME,15653.59,Net 30
502121,2024-09-28,2024-09-30,2024-10-20,SME,3994.37,net 30
502258,2025-10-10,2025-10-13,2025-11-18,Enterprise,44423.07,Net 30
501808,2024-05-28,2024-06-01,2024-07-11,Government,130778.22,Net 60
502468,2024-12-08,2024-12-09,2025-01-05,Enterprise,98596.42,Net 30
501607,2025-01-17,2025-01-21,2025-02-27,Enterprise,64127.01,Net 30
501700,2025-08-19,2025-08-23,2025-09-16,SME,9129.12,Net30
500290,2025-05-10,2025-05-25,2025-08-14,Government,161010.77,Net 60
503566,2024-08-13,2024-08-17,2024-09-07,SME,3927.14,Net 30
503776,2024-10-19,2024-10-25,2024-12-03,Enterprise,94137.95,Net 30
502086,2024-02-06,2024-02-27,2024-05-03,Government,38536.71,Net 60
504131,2025-10-17,2025-10-22,,Government,213258.02,Net 60
502704,2024-01-10,2024-01-26,2024-04-02,Government,34253.62,NET 60
500353,2024-04-21,2024-04-25,2024-05-19,SME,4216.9,Net30
502603,2025-02-08,2025-02-13,2025-03-15,Enterprise,81248.15,Net 30
502139,2024-10-21,2024-10-22,2024-12-01,Enterprise,65965.58,Net 30
503214,2024-10-06,2024-10-06,2024-11-01,SME,10869.62,Net 30
502884,2024-06-17,2024-07-04,2024-09-12,Government,140254.91,Net 60
503883,2024-11-27,2024-11-28,2025-01-14,Enterprise,54800.29,Net 30
501534,2025-01-14,2025-01-16,2025-02-19,SME,9341.4,Net 30
501840,2024-08-31,2024-09-06,2024-10-12,Enterprise,94793.26,Net 30
503317,2025-09-06,2025-09-11,2025-10-04,SME,8268.74,Net 30
500916,2025-02-09,2025-02-11,2025-03-16,SME,16096.53,Net 30
500013,2025-06-03,2025-06-04,2025-07-06,SME,11765.59,Net 30
503166,2024-11-27,2024-12-01,2024-12-28,Enterprise,97109.01,Net 30
502044,2025-01-05,2025-01-12,2025-02-27,Government,282645.15,Net 60
501544,2024-05-11,2024-05-17,2024-06-27,Enterprise,-33161.56,Net 30
503670,2025-01-11,2025-01-15,2025-02-14,Enterprise,-18668.64,Net 30
504134,2024-04-03,2024-04-17,2024-07-05,Government,140980.0,Net 60
502633,2025-05-17,2025-05-21,2025-06-02,SME,1529.54,Net 30
503810,2025-02-21,2025-02-23,2025-03-20,SME,6056.34,Net 30
500534,2024-02-19,2024-02-24,2024-03-20,Enterprise,57252.56,Net 30
502155,2025-06-13,2025-06-13,2025-07-03,Enterprise,33042.4,Net 30
500974,2024-01-28,2024-02-11,2024-04-12,Government,245281.44,Net 60
502896,2025-08-23,2025-08-24,2025-10-05,SME,6573.88,Net 30
501183,2025-10-04,2025-10-06,2025-10-30,SME,4785.5,Net 30
500973,2024-12-17,2024-12-21,2025-01-19,SME,11561.1,Net30
501570,2025-04-14,2025-04-18,2025-05-12,SME,3167.16,Net 30
503540,2024-11-01,2024-11-05,2024-12-13,Enterprise,92301.49,Net30
501514,2024-02-05,2024-02-07,2024-03-06,Enterprise,62583.18,Net 30
502093,2025-07-27,2025-08-03,2025-08-25,Enterprise,110167.07,Net 30
503316,2024-10-23,2024-10-24,2024-11-16,SME,5357.52,Net 30
500607,2024-07-30,2024-08-14,2024-10-20,Government,26149.55,net 60
502195,2024-03-13,2024-03-16,2024-04-15,SME,10034.21,Net 30
503777,2025-05-05,2025-05-11,2025-06-13,Enterprise,58953.78,Net 30
503913,2025-02-04,2025-02-07,2025-03-13,Enterprise,89040.19,Net 30
500798,2024-06-29,2024-07-03,2024-08-10,Enterprise,19219.26,Net 30
503114,2025-06-14,2025-06-21,2025-07-27,Enterprise,53618.81,Net 30
502032,2024-02-09,2024-02-19,2024-04-30,Government,42817.84,Net 60
500732,2024-07-11,2024-07-18,2024-08-21,Enterprise,28275.29,Net 30
501442,2025-08-10,2025-08-13,2025-09-17,SME,13603.64,Net 30
501266,2024-01-28,2024-02-02,2024-03-10,Enterprise,96601.85,Net 30
503120,2025-10-07,2025-10-14,2025-10-29,Enterprise,107815.57,Net 30
501589,2025-05-22,2025-06-03,2025-07-24,Government,134095.46,Net 60
503089,2025-09-18,2025-09-23,2025-10-25,Enterprise,74718.44,Net 30
502684,2025-08-14,2025-08-18,2025-09-08,Enterprise,61665.68,Net 30
500379,2025-03-24,2025-03-25,2025-05-03,Enterprise,48239.55,Net 30
502619,2025-03-18,2025-03-20,2025-04-16,SME,10214.28,Net 30
501342,2025-02-11,2025-02-11,2025-03-10,SME,5538.71,Net 30
503181,2024-09-24,2024-09-26,2024-10-30,SME,9232.09,Net 30
501047,2025-01-11,2025-01-14,2025-02-06,SME,2246.12,Net 30
502212,2024-11-14,2024-11-16,2024-12-29,Enterprise,73797.89,Net30
503425,2024-01-21,2024-01-27,2024-02-25,Enterprise,-5917.93,Net 30
503144,2024-02-29,2024-03-02,2024-03-26,Enterprise,45379.47,Net 30
503630,2024-04-04,2024-04-05,2024-04-24,SME,13398.93,Net30
502673,2024-09-05,2024-09-07,2024-09-24,SME,5324.55,Net 30
502909,2025-03-19,2025-04-07,2025-06-21,Government,316090.47,Net 60
500837,2024-04-19,2024-04-20,2024-06-01,SME,15780.52,Net 30
501191,2024-01-27,2024-01-29,2024-02-23,SME,3090.36,Net 30
500948,2025-09-13,2025-09-17,2025-10-29,Enterprise,87037.35,Net 30
503839,2025-04-14,2025-04-23,2025-07-01,Government,58714.63,Net 60
501998,2024-09-06,2024-09-09,2024-10-01,SME,6844.94,Net 30
500435,2024-06-14,2024-06-17,2024-07-24,SME,14341.5,Net 30
500456,2025-10-29,2025-10-31,,SME,1610.5,net 30
503107,2024-03-15,2024-03-24,2024-06-25,Government,57392.3,Net 60
502613,2024-11-08,2024-11-24,2025-01-26,Government,292502.16,Net 60
502299,2025-07-09,2025-07-11,2025-08-08,SME,14155.9,Net 30
500681,2025-10-06,2025-10-15,,Government,292169.33,Net 60
504002,2025-01-24,2025-01-26,2025-02-23,SME,10864.78,Net 30
502889,2025-07-05,2025-07-20,2025-09-07,Government,308987.82,Net 60
500493,2025-01-15,2025-01-26,2025-03-18,Government,-67541.44,Net 60
501091,2024-12-09,2024-12-11,2025-01-09,SME,6142.9,Net30
500221,2025-05-10,2025-05-14,2025-06-15,Enterprise,51714.33,Net 30
502066,2024-04-11,2024-04-14,2024-05-10,SME,10799.9,NET 30
501820,2025-09-30,2025-10-06,2025-10-30,Enterprise,71963.06,Net 30
502782,2025-03-02,2025-03-06,2025-04-20,Enterprise,-8817.15,Net 30
500612,2024-01-17,2024-01-18,2024-02-07,SME,11725.29,Net 30
501646,2024-08-31,2024-09-03,2024-10-08,SME,1520.29,Net 30
502797,2024-07-20,2024-07-23,2024-08-16,SME,9564.21,Net 30
500758,2025-07-17,2025-07-21,2025-08-13,SME,13222.45,Net 30
503270,2024-09-18,2024-09-20,2024-10-29,SME,6645.57,net 30
502554,2025-03-07,2025-03-10,2025-04-09,Enterprise,94921.85,Net 30
500893,2025-01-23,2025-01-25,2025-02-28,SME,8298.02,Net 30
500452,2025-02-13,2025-02-14,2025-03-18,SME,1825.98,Net 30
503851,2024-10-20,2024-10-27,2024-12-03,Enterprise,37615.31,Net 30
503731,2025-07-25,2025-07-25,2025-08-16,SME,17032.4,NET 30
503115,2025-03-28,2025-03-30,2025-04-20,SME,16842.07,Net 30
502294,2025-08-15,2025-08-18,2025-09-10,SME,17422.82,Net 30
501686,2024-12-15,2024-12-26,2025-03-23,Government,65437.59,Net 60
501486,2024-01-16,2024-01-18,2024-03-07,Enterprise,102317.31,Net 30
502090,2025-10-28,2025-11-02,2025-11-24,SME,1833.95,Net 30
500982,2024-06-03,2024-06-07,2024-07-11,Enterprise,105677.74,Net 30
503259,2025-03-07,2025-03-10,2025-04-13,SME,2090.34,Net 30
503310,2024-02-15,2024-02-16,2024-02-24,SME,13221.74,Net30
501430,2024-10-25,2024-10-27,2024-11-14,SME,17111.37,Net 30
500810,2024-01-07,2024-01-07,2024-01-22,SME,4888.86,Net 30
501522,2025-03-05,2025-03-05,2025-04-06,SME,15501.41,Net 30
502398,2025-01-15,2025-01-16,2025-02-20,SME,1620.81,Net 30
501584,2024-10-26,2024-10-30,2024-11-28,Enterprise,106105.51,Net 30
500462,2024-07-08,2024-07-13,2024-08-15,Enterprise,59350.18,Net 30
502842,2024-06-30,2024-07-01,2024-07-31,SME,9609.95,NET 30
501496,2025-10-30,2025-11-02,,SME,6432.75,net 30
501642,2025-03-14,2025-03-18,2025-05-03,Enterprise,68800.68,Net 30
501961,2025-08-06,2025-08-11,2025-09-20,Enterprise,85581.1,Net 30
501147,2025-06-08,2025-06-12,2025-06-29,Enterprise,18551.65,Net 30
501202,2024-04-30,2024-05-06,2024-06-15,Enterprise,61196.41,Net 30
502662,2024-03-25,2024-03-27,2024-05-01,Enterprise,26913.28,Net 30
501529,2024-02-05,2024-02-11,2024-04-01,Government,81521.68,Net 60
501624,2025-03-26,2025-03-27,2025-04-20,SME,14352.07,Net 30
501015,2025-09-26,2025-09-27,2025-10-23,SME,1643.92,Net 30
501293,2024-12-04,2024-12-05,2025-01-04,SME,14665.12,Net 30
502069,2025-09-01,2025-09-04,2025-10-01,SME,6272.48,Net 30
503520,2024-09-07,2024-09-09,2024-10-13,SME,15042.85,Net30
504089,2024-11-22,2024-11-23,2024-12-22,SME,1591.82,Net 30
500322,2024-12-11,2024-12-13,2025-01-12,SME,7449.5,Net 30
503344,2024-11-24,2024-12-02,2025-02-09,Government,99441.2,Net 60
501587,2025-04-04,2025-04-08,2025-05-10,Enterprise,82997.58,Net 30
503779,2024-02-01,2024-02-03,2024-03-08,SME,16351.74,Net 30
500376,2024-02-02,2024-02-11,2024-03-10,Enterprise,51957.96,Net 30
502794,2024-08-11,2024-08-13,2024-09-10,SME,9714.62,net 30
500956,2025-03-30,2025-04-02,2025-04-29,SME,14503.41,Net 30
500150,2024-02-01,2024-02-05,2024-03-20,Enterprise,60117.79,Net 30
503628,2025-03-17,2025-03-18,2025-04-22,SME,5680.0,Net 30
500218,2025-02-09,2025-02-12,2025-02-25,SME,14879.49,Net 30
501995,2025-01-04,2025-01-08,2025-02-12,Enterprise,84899.75,Net 30
503553,2025-08-01,2025-08-04,2025-08-23,SME,6859.17,Net 30
503764,2024-02-04,2024-02-04,2024-02-28,SME,7545.54,Net 30
502607,2024-09-15,2024-09-30,2024-12-12,Government,217322.84,Net60
503254,2025-08-09,2025-08-13,2025-10-30,Government,208525.28,Net 60
501335,2024-01-22,2024-01-23,2024-02-22,SME,4275.44,Net 30
502103,2025-08-01,2025-08-04,2025-08-21,SME,14431.15,net 30
500506,2024-03-03,2024-03-07,2024-04-09,Enterprise,18605.47,Net 30
502820,2024-11-12,2024-11-14,2024-12-29,Enterprise,107248.62,NET 30
503124,2025-09-25,2025-09-29,2025-10-23,SME,-3364.74,Net 30
500029,2025-01-30,2025-02-01,2025-02-23,Enterprise,103797.17,Net 30
502470,2025-08-23,2025-08-25,2025-10-16,Enterprise,34771.53,Net 30
501126,2024-08-22,2024-09-04,2024-10-26,Government,262298.25,Net 60
501189,2025-04-20,2025-04-23,2025-05-22,Enterprise,107073.43,Net 30
504090,2025-09-10,2025-09-12,2025-10-19,Enterprise,89139.7,Net 30
501350,2025-04-13,2025-04-20,2025-05-26,Enterprise,99865.85,Net 30
500503,2025-08-05,2025-08-08,2025-08-28,SME,11802.94,Net 30
500721,2025-01-04,2025-01-05,2025-02-11,Enterprise,27752.32,Net 30
503264,2025-01-28,2025-01-30,2025-02-19,SME,13578.07,Net30
503783,2025-02-15,2025-02-26,2025-05-22,Government,133832.71,NET 60
502781,2024-08-29,2024-09-10,2024-11-17,Government,250836.04,Net60
503299,2024-02-01,2024-02-14,2024-05-19,Government,209949.61,Net 60
503888,2025-03-01,2025-03-21,2025-05-09,Government,269855.16,Net 60
501373,2024-05-22,2024-05-23,2024-06-10,SME,8428.97,net 30
502703,2024-07-18,2024-07-20,2024-08-30,SME,6432.2,Net 30
503180,2024-07-05,2024-07-09,2024-08-15,SME,10032.83,NET 30
501340,2024-09-02,2024-09-20,2024-12-03,Government,154422.72,Net 60
500378,2024-08-21,2024-08-23,2024-09-07,Enterprise,68139.57,Net 30
502934,2024-12-24,2024-12-27,2025-01-30,SME,14862.92,Net 30
503664,2024-04-01,2024-04-04,2024-05-10,SME,17810.64,Net 30
503345,2025-10-03,2025-10-09,2025-11-10,Enterprise,114115.74,Net 30
503758,2025-01-26,2025-01-28,2025-03-01,Enterprise,59697.61,Net 30
501056,2024-11-29,2024-12-15,2025-03-10,Government,244630.27,Net 60
502078,2024-10-06,2024-10-15,2025-01-09,Government,123994.03,net 60
501695,2025-08-17,2025-09-01,2025-11-13,Government,279645.36,Net 60
501935,2024-06-05,2024-06-06,2024-06-22,SME,3027.82,Net 30
500132,2024-04-14,2024-05-02,2024-08-06,Government,45535.49,Net60
500799,2025-03-14,2025-03-20,2025-05-29,Government,79644.59,Net 60
501133,2024-03-11,2024-03-19,2024-04-18,Enterprise,90794.35,Net 30
501505,2025-05-04,2025-05-16,2025-07-20,Government,78711.29,NET 60
502040,2024-07-18,2024-07-25,2024-09-05,Enterprise,75783.5,Net 30
502408,2024-03-02,2024-03-02,2024-03-23,Enterprise,26307.07,Net 30
502281,2024-02-11,2024-02-14,2024-03-12,Enterprise,95343.12,Net 30
503577,2024-03-16,2024-03-21,2024-05-07,Enterprise,46119.23,Net 30
500095,2025-04-05,2025-04-08,2025-05-09,SME,6618.88,NET 30
500439,2025-10-14,2025-10-16,2025-11-04,SME,7811.18,Net 30
502471,2024-08-14,2024-08-16,2024-09-11,SME,15452.42,Net 30
502042,2024-12-09,2024-12-11,2025-01-03,SME,17707.96,Net 30
502234,2024-09-05,2024-09-24,2024-12-23,Government,27154.9,Net 60
500331,2024-02-15,2024-02-18,2024-04-01,Enterprise,48939.99,Net 30
501318,2025-02-25,2025-03-03,2025-04-01,Enterprise,15824.85,Net 30
500466,2025-06-23,2025-07-01,2025-09-18,Government,121368.6,Net 60
501728,2024-05-01,2024-05-02,2024-06-14,SME,10369.06,Net 30
503076,2024-12-12,2024-12-14,2025-01-02,SME,3501.72,Net 30
503298,2024-07-21,2024-07-23,2024-08-21,SME,3972.91,Net 30
501805,2025-02-24,2025-02-26,2025-03-23,SME,16704.49,Net 30
503953,2024-05-10,2024-05-15,2024-06-30,Enterprise,114965.26,Net 30
500269,2025-10-21,2025-10-21,2025-11-25,SME,15653.35,Net 30
500725,2025-04-10,2025-04-14,2025-05-04,Enterprise,53819.87,Net 30
503945,2024-08-25,2024-08-30,2024-09-25,Enterprise,20463.8,Net 30
502063,2025-04-20,2025-04-23,2025-05-14,Enterprise,69988.84,net 30
502085,2024-10-11,2024-10-17,2025-01-01,Government,307145.65,Net 60
500696,2024-12-18,2024-12-20,2025-01-06,SME,7137.21,Net 30
501303,2025-03-17,2025-03-19,2025-04-15,SME,8495.88,Net 30
500275,2025-07-27,2025-07-28,2025-08-22,SME,6880.56,NET 30
500525,2024-10-20,2024-10-25,2024-11-05,Enterprise,29031.08,Net30
501987,2025-06-04,2025-06-06,2025-07-11,SME,5328.54,Net 30
503279,2025-08-29,2025-08-30,2025-09-25,SME,14901.38,Net 30
501671,2024-05-31,2024-06-02,2024-06-21,SME,4703.44,Net 30
500563,2025-02-03,2025-02-09,2025-04-10,Government,211286.23,Net 60
500118,2024-03-26,2024-03-29,2024-05-05,SME,3828.81,Net 30
503552,2024-12-25,2024-12-27,2025-01-23,Enterprise,78569.4,Net 30
500360,2025-05-26,2025-05-28,2025-06-10,SME,15851.68,Net 30
503099,2024-05-10,2024-05-16,2024-06-30,Enterprise,70041.15,Net 30
500741,2025-09-18,2025-09-22,2025-10-10,SME,4829.06,Net 30
500409,2024-08-03,2024-08-06,2024-09-09,Enterprise,33314.22,Net 30
503407,2024-10-25,2024-11-13,2025-01-24,Government,99428.16,Net 60
502617,2024-06-03,2024-06-06,2024-07-05,SME,16118.53,Net 30
502624,2025-10-15,2025-10-19,2025-12-04,Enterprise,15810.09,Net 30
501306,2024-02-18,2024-02-23,2024-03-19,Enterprise,40358.96,Net 30
500045,2024-05-14,2024-05-18,2024-06-09,Enterprise,99215.93,Net 30
503886,2024-09-04,2024-09-07,2024-10-01,SME,14104.5,Net 30
503914,2024-05-22,2024-05-23,2024-06-24,SME,4078.92,Net 30
501462,2025-08-08,2025-08-10,2025-09-20,Enterprise,49362.96,Net 30
500635,2025-02-04,2025-02-05,2025-03-05,SME,10481.25,Net 30
501712,2024-11-14,2024-11-16,2024-12-26,SME,-1445.79,Net 30
500531,2024-04-19,2024-04-22,2024-05-14,Enterprise,33875.96,Net 30
501710,2024-04-24,2024-04-25,2024-05-09,SME,10080.92,Net 30
503272,2024-01-03,2024-01-21,2024-03-09,Government,187439.47,Net 60
500870,2024-04-07,2024-04-10,2024-05-17,Enterprise,29681.0,Net 30
503227,2024-12-23,2024-12-26,2025-01-14,SME,14770.65,Net30
502807,2025-07-04,2025-07-07,2025-07-27,SME,16590.72,net 30
501238,2025-06-30,2025-07-09,2025-09-04,Government,278671.65,Net 60
500268,2025-08-02,2025-08-08,2025-09-23,Enterprise,49007.22,Net 30
503884,2025-08-09,2025-08-23,2025-11-07,Government,161088.34,Net 60
504039,2024-01-09,2024-01-15,2024-02-15,Enterprise,50513.63,Net 30
503947,2024-06-30,2024-07-02,2024-08-01,SME,5044.02,Net 30
501097,2024-12-04,2024-12-08,2024-12-28,Enterprise,89325.7,Net 30
503315,2025-04-24,2025-04-27,2025-05-20,SME,5228.06,net 30
500034,2024-05-30,2024-06-03,2024-06-25,SME,3011.81,Net 30
500809,2024-11-15,2024-11-17,2024-12-16,SME,8658.69,Net 30
502604,2025-03-14,2025-03-16,2025-04-04,SME,10865.73,Net 30
500881,2025-02-11,2025-02-14,2025-03-15,SME,8482.48,Net 30
501954,2025-01-17,2025-01-29,2025-04-18,Government,92488.34,Net 60
502204,2025-04-16,2025-04-21,2025-05-20,SME,3922.77,Net 30
502668,2024-07-01,2024-07-04,2024-07-16,SME,9728.65,Net 30
504200,2025-09-23,2025-09-26,2025-10-30,Enterprise,73019.99,Net 30
504182,2025-03-31,2025-04-03,2025-05-01,SME,5460.57,Net 30
500371,2024-07-10,2024-07-13,2024-08-03,SME,11892.91,Net 30
500777,2025-10-21,2025-10-24,2025-11-14,SME,9815.14,Net 30
500257,2025-03-26,2025-03-28,2025-05-03,Enterprise,15969.52,Net 30
501591,2024-02-19,2024-02-21,2024-03-24,SME,6348.04,Net 30
503694,2024-06-10,2024-06-14,2024-07-23,Enterprise,104616.36,Net 30
503853,2024-04-30,2024-05-01,2024-05-25,SME,17908.52,Net 30
503682,2025-01-27,2025-01-30,2025-02-23,Enterprise,-5028.74,Net 30
503926,2025-03-16,2025-03-17,2025-04-30,SME,3017.89,Net 30
501441,2024-01-31,2024-02-18,2024-04-27,Government,267796.53,Net 60
502609,2024-08-21,2024-08-21,2024-09-15,SME,5195.12,Net 30
503079,2024-12-04,2024-12-05,2025-01-04,SME,11821.03,Net 30
504178,2024-03-10,2024-03-11,2024-04-13,Enterprise,35870.97,Net 30
500233,2025-04-02,2025-04-04,2025-05-08,SME,13141.94,Net 30
501409,2025-07-08,2025-07-12,2025-08-30,Enterprise,110457.04,Net 30
503176,2024-11-09,2024-11-10,2024-12-08,SME,9734.06,NET 30
503162,2024-08-18,2024-08-22,2024-10-30,Government,303963.71,Net 60
500177,2025-01-26,2025-01-30,2025-02-16,SME,16538.31,Net 30
500626,2024-03-05,2024-03-09,2024-03-27,Enterprise,115983.89,Net 30
500947,2024-09-01,2024-09-03,2024-09-23,SME,13311.47,Net 30
503131,2025-08-04,2025-08-13,2025-10-10,Government,167950.27,Net 60
500981,2024-05-20,2024-05-23,2024-06-16,SME,-1990.28,Net 30
502769,2024-05-11,2024-05-14,2024-06-08,SME,10231.23,Net 30
502291,2024-05-26,2024-05-28,2024-06-23,Enterprise,103445.41,Net 30
501246,2024-07-30,2024-08-02,2024-09-04,Enterprise,50463.07,Net 30
501401,2024-12-22,2024-12-24,2025-01-16,SME,-2909.56,Net 30
503422,2024-01-20,2024-01-25,2024-02-29,SME,4494.24,Net 30
502467,2024-02-13,2024-02-15,2024-03-18,SME,9062.85,Net 30
500370,2024-02-06,2024-02-08,2024-02-20,SME,10023.31,Net 30
501053,2025-09-14,2025-09-17,2025-10-09,Enterprise,38691.45,Net 30
502532,2025-01-04,2025-01-07,2025-01-21,Enterprise,58810.29,Net 30
501760,2025-01-20,2025-01-23,2025-03-13,Enterprise,65617.93,Net 30
503143,2025-09-06,2025-09-08,2025-09-30,SME,7918.94,Net 30
502128,2024-03-22,2024-03-25,2024-04-12,SME,16315.88,net 30
502730,2025-09-08,2025-09-13,2025-10-10,Enterprise,112090.4,Net 30
503795,2025-09-04,2025-09-05,2025-09-26,SME,4611.93,Net 30
501203,2025-06-10,2025-06-12,2025-07-11,SME,7937.49,Net 30
501651,2025-01-08,2025-01-11,2025-02-14,SME,17572.79,Net 30
503845,2024-01-16,2024-01-25,2024-03-28,Government,214922.99,Net 60
503046,2024-12-08,2024-12-10,2024-12-22,SME,13446.45,Net 30
502894,2024-08-25,2024-09-01,2024-11-19,Government,74215.77,Net 60
502005,2024-08-28,2024-08-31,2024-09-30,SME,16530.97,Net 30
500398,2024-04-14,2024-04-16,2024-05-15,SME,2519.02,Net 30
501236,2024-02-02,2024-02-02,2024-03-07,SME,17889.85,Net 30
503061,2025-04-14,2025-05-02,2025-07-13,Government,235335.5,Net 60
502025,2024-06-10,2024-06-23,2024-09-13,Government,-14354.11,Net 60
502969,2025-05-12,2025-05-13,2025-06-17,SME,5394.5,net 30
500232,2024-08-11,2024-08-12,2024-09-04,SME,12608.34,Net 30
503082,2025-03-14,2025-03-15,2025-04-11,SME,12336.74,Net 30
500180,2025-05-27,2025-05-28,2025-06-16,Enterprise,20321.23,net 30
501297,2024-06-02,2024-06-06,2024-07-18,Enterprise,69894.06,Net 30
503097,2025-06-19,2025-06-28,2025-09-03,Government,124937.24,Net 60
503479,2025-05-31,2025-06-12,2025-07-31,Government,66325.29,Net 60
500227,2024-09-16,2024-09-18,2024-10-05,Enterprise,74949.44,Net 30
503458,2024-05-21,2024-05-24,2024-06-28,SME,16490.71,Net 30
502312,2024-07-14,2024-07-22,2024-08-30,Enterprise,96725.06,Net 30
503111,2025-08-08,2025-08-12,2025-09-08,SME,10709.2,Net30
502508,2025-02-24,2025-02-25,2025-03-18,SME,5014.04,Net 30
500918,2024-02-03,2024-02-05,2024-03-29,Enterprise,62870.77,Net 30
503720,2024-09-23,2024-09-24,2024-10-12,SME,11660.25,Net 30
500731,2024-10-28,2024-11-04,2024-12-21,Enterprise,60487.83,Net 30
501136,2024-07-25,2024-07-31,2024-08-23,Enterprise,106585.0,Net 30
503321,2024-02-19,2024-03-03,2024-04-22,Government,250970.71,Net 60
501310,2024-09-26,2024-10-10,2024-11-16,Government,47171.94,net 60
500204,2025-10-30,2025-11-02,,Enterprise,96355.99,Net 30
503004,2024-12-14,2024-12-17,2024-12-27,SME,2751.0,Net 30
501195,2024-04-19,2024-04-21,2024-05-30,SME,13171.89,NET 30
501464,2024-08-03,2024-08-06,2024-08-31,Enterprise,20272.38,net 30
500162,2024-11-15,2024-11-18,2024-12-26,SME,-1970.56,Net 30
503799,2025-05-30,2025-06-01,2025-06-30,SME,16078.46,Net 30
501087,2024-11-02,2024-11-02,2024-12-05,SME,15940.19,Net 30
501581,2024-12-17,2024-12-23,2025-01-16,Enterprise,24109.92,Net30
501364,2024-03-28,2024-03-28,2024-04-24,SME,3404.75,Net 30
502746,2025-10-06,2025-10-21,,Government,142112.98,Net 60
500872,2025-01-02,2025-01-03,2025-01-10,SME,4217.5,Net 30
502745,2024-11-14,2024-11-17,2024-12-19,SME,-4011.93,Net 30
502771,2025-03-23,2025-03-25,2025-04-25,Enterprise,46140.87,Net 30
500553,2025-07-26,2025-07-29,2025-08-24,SME,17915.76,Net 30
501535,2025-05-08,2025-05-12,2025-06-01,Enterprise,56874.19,Net 30
502110,2025-01-29,2025-01-31,2025-02-15,Enterprise,43110.24,Net 30
501113,2025-02-17,2025-02-20,2025-03-26,SME,3595.84,Net30
500960,2025-06-01,2025-06-03,2025-07-10,SME,16452.67,net 30
503815,2025-03-12,2025-03-14,2025-04-19,SME,13451.47,Net 30
502688,2024-02-22,2024-02-25,2024-03-25,SME,17274.69,Net30
502772,2024-10-17,2024-10-26,2024-11-17,Enterprise,28731.06,Net 30
500297,2025-09-26,2025-09-27,2025-10-23,SME,16368.43,Net 30
501421,2024-11-15,2024-11-20,2024-12-02,Enterprise,23346.01,Net 30
502296,2024-11-29,2024-12-02,2024-12-26,SME,9345.51,Net 30
501074,2024-09-22,2024-09-25,2024-10-29,SME,6193.77,Net30
503036,2024-03-02,2024-03-06,2024-04-02,SME,9189.0,Net 30
502966,2025-06-19,2025-06-20,2025-07-16,SME,15191.99,Net30
503319,2024-11-05,2024-11-06,2024-12-14,Enterprise,41522.85,Net 30
500470,2025-08-28,2025-09-01,2025-10-11,SME,6215.75,Net 30
500903,2025-09-02,2025-09-12,2025-11-10,Government,204745.3,Net 60
501344,2025-09-04,2025-09-11,2025-11-23,Government,41091.25,Net 60
503281,2025-08-10,2025-08-11,2025-08-31,SME,11681.1,net 30
503430,2025-07-24,2025-07-28,2025-08-31,Enterprise,63498.69,Net 30
503596,2025-02-03,2025-02-05,2025-03-07,Enterprise,22167.21,Net 30
501984,2024-09-03,2024-09-05,2024-10-09,SME,12918.92,Net 30
500334,2025-07-19,2025-07-23,2025-08-28,SME,17341.13,Net 30
501255,2024-05-02,2024-05-05,2024-06-09,SME,16191.16,Net 30
501857,2024-08-07,2024-08-14,2024-09-10,Enterprise,24530.95,Net 30
502798,2025-06-09,2025-06-10,2025-07-12,SME,5886.13,Net 30
500664,2024-04-15,2024-04-19,2024-05-24,Enterprise,28555.82,Net30
502034,2024-04-27,2024-04-28,2024-05-30,SME,14595.54,Net 30
501582,2025-05-22,2025-06-07,2025-08-25,Government,182188.42,NET 60
500707,2024-12-07,2024-12-09,2024-12-23,SME,15439.72,Net 30
503063,2024-01-02,2024-01-05,2024-01-29,SME,14810.69,Net 30
503447,2024-02-03,2024-02-06,2024-02-28,SME,1700.55,Net 30
502634,2024-11-02,2024-11-05,2024-11-15,SME,6235.43,Net 30
503441,2025-10-10,2025-10-24,,Government,195546.37,Net 60
503267,2024-12-22,2024-12-30,2025-03-27,Government,97395.68,Net 60
504044,2024-10-18,2024-10-20,2024-11-28,Enterprise,108148.77,Net 30
502393,2025-02-20,2025-03-04,2025-05-20,Government,210920.39,Net 60
503382,2024-04-08,2024-04-10,2024-05-22,SME,15332.1,Net 30
503075,2024-03-28,2024-03-30,2024-05-06,Enterprise,86231.94,net 30
501348,2025-03-06,2025-03-06,2025-03-25,SME,12020.67,Net 30
500243,2025-10-15,2025-10-17,2025-11-19,SME,8351.29,Net 30
502517,2024-12-18,2024-12-28,2025-03-06,Government,277907.16,Net 60
504098,2024-06-08,2024-06-11,2024-07-16,Enterprise,106555.74,Net 30
500608,2025-09-13,2025-09-14,2025-10-11,SME,-1173.78,Net 30
500106,2025-02-10,2025-02-13,2025-03-11,Enterprise,99898.69,Net 30
501320,2024-09-04,2024-09-07,2024-09-23,SME,16622.47,Net 30
501285,2024-08-04,2024-08-07,2024-09-03,SME,4363.47,Net 30
500906,2024-05-29,2024-05-31,2024-07-03,SME,1812.88,Net 30
502759,2025-02-23,2025-02-24,2025-04-06,SME,15666.15,Net 30
501859,2025-06-02,2025-06-03,2025-07-03,SME,9762.87,Net 30
501930,2025-07-27,2025-08-01,2025-08-25,Enterprise,27833.85,Net 30
502091,2024-06-21,2024-06-24,2024-07-21,SME,17968.3,Net 30
501169,2024-10-05,2024-10-07,2024-11-16,SME,11028.92,Net 30
504096,2024-09-08,2024-09-21,2024-11-12,Government,216784.5,Net 60
500939,2024-10-23,2024-10-28,2024-12-12,Enterprise,44176.06,Net 30
501014,2024-01-16,2024-01-19,2024-02-20,SME,9527.35,Net 30
502420,2025-09-07,2025-09-08,2025-09-30,Enterprise,57556.16,Net 30
500782,2025-08-02,2025-08-03,2025-09-01,SME,9880.98,Net 30
502210,2024-12-17,2024-12-18,2025-01-21,SME,17479.19,Net 30
500797,2025-02-02,2025-02-05,2025-03-09,SME,14854.21,Net 30
503531,2024-03-25,2024-03-28,2024-04-21,SME,4456.24,Net30
501610,2024-11-24,2024-11-24,2024-12-21,SME,4977.12,Net 30
500357,2025-01-06,2025-01-08,2025-02-03,SME,16114.92,Net 30
504113,2025-06-14,2025-06-17,2025-06-28,SME,17259.34,Net 30
501178,2024-05-20,2024-05-27,2024-06-20,Enterprise,63180.13,Net 30
500304,2024-12-18,2024-12-22,2025-01-16,SME,10317.55,Net30
500320,2025-02-13,2025-02-17,2025-03-11,SME,6248.79,Net 30
501627,2025-04-11,2025-04-21,2025-06-21,Government,67791.12,NET 60
500852,2024-03-30,2024-03-31,2024-05-03,SME,6430.49,Net 30
502822,2024-09-05,2024-09-06,2024-10-06,SME,2170.57,Net 30
501019,2025-01-31,2025-02-02,2025-02-20,SME,10132.53,Net 30
501485,2024-01-25,2024-01-30,2024-02-22,Enterprise,50779.42,Net 30
502073,2024-03-22,2024-03-27,2024-04-20,Enterprise,106836.96,Net 30
502478,2024-06-26,2024-06-29,2024-07-23,SME,7552.58,Net 30
504088,2025-02-28,2025-03-06,2025-04-13,Enterprise,89044.3,Net 30
500754,2024-12-09,2024-12-11,2025-01-12,SME,1788.3,Net 30
503996,2025-01-14,2025-01-23,2025-03-18,Government,253750.97,Net 60
500071,2024-12-06,2024-12-09,2024-12-22,Enterprise,43583.2,Net 30
503155,2024-02-14,2024-02-16,2024-03-17,SME,8663.81,Net 30
500564,2025-02-17,2025-02-21,2025-04-07,SME,15026.92,Net 30
500752,2025-04-24,2025-05-01,2025-06-22,Enterprise,85264.17,NET 30
503925,2025-09-27,2025-09-29,2025-10-28,SME,8463.29,Net 30
500364,2025-10-23,2025-10-27,2025-11-18,SME,10263.29,Net 30
500459,2024-07-07,2024-07-09,2024-08-02,SME,9975.85,net 30
500813,2024-02-06,2024-02-09,2024-03-14,Enterprise,119671.37,NET 30
502221,2024-08-21,2024-08-22,2024-10-08,SME,12543.71,Net 30
504127,2025-03-14,2025-03-14,2025-04-10,SME,8094.86,Net 30
500795,2025-07-22,2025-07-23,2025-08-19,SME,12078.34,Net 30
503571,2025-06-25,2025-06-27,2025-08-05,SME,7481.54,Net 30
502045,2025-01-03,2025-01-07,2025-02-10,Enterprise,56531.46,Net 30
503381,2025-02-17,2025-02-19,2025-03-20,SME,15154.46,Net30
501897,2025-01-25,2025-01-30,2025-03-19,Enterprise,94535.55,Net 30
502750,2024-02-03,2024-02-04,2024-03-06,Enterprise,86025.29,Net 30
503395,2025-10-26,2025-10-28,2025-11-13,SME,15662.62,Net 30
503423,2025-01-10,2025-01-14,2025-03-06,Enterprise,50162.31,Net 30
500670,2024-04-24,2024-04-26,2024-05-27,SME,8107.58,Net 30
500926,2024-03-06,2024-03-08,2024-04-01,SME,15015.57,Net 30
502845,2025-04-06,2025-04-13,2025-06-12,Government,302366.07,Net 60
502973,2025-07-13,2025-07-24,2025-09-17,Government,182363.52,Net 60
501201,2024-11-08,2024-11-12,2024-12-13,SME,16770.4,Net 30
502070,2025-10-07,2025-10-09,2025-10-26,SME,12616.22,Net 30
501152,2025-06-09,2025-06-10,2025-06-26,SME,9152.8,Net 30
502358,2025-02-14,2025-02-20,2025-03-22,Enterprise,24389.27,Net30
503789,2024-11-11,2024-11-15,2024-12-28,Enterprise,24776.32,Net 30
500709,2025-07-02,2025-07-04,2025-08-06,SME,5118.05,NET 30
503503,2025-01-06,2025-01-11,2025-02-15,Enterprise,48713.68,Net 30
500523,2025-04-26,2025-05-06,2025-07-31,Government,208715.61,Net 60
503844,2024-03-23,2024-03-24,2024-04-16,SME,7898.92,Net 30
502216,2025-03-03,2025-03-18,2025-05-13,Government,190531.6,Net 60
500874,2024-10-28,2024-10-29,2024-11-14,Enterprise,48946.08,Net 30
502774,2025-03-14,2025-03-17,2025-04-05,Enterprise,119518.64,Net 30
500040,2025-10-27,2025-10-29,2025-11-04,SME,11235.34,Net 30
501543,2024-07-06,2024-07-08,2024-08-07,SME,4857.54,Net 30
500888,2025-03-28,2025-03-30,2025-05-01,SME,2913.89,Net 30
500052,2025-09-27,2025-09-28,2025-10-19,SME,-1607.88,Net30
501416,2025-04-08,2025-04-13,2025-05-07,SME,5587.19,Net 30
503859,2024-12-22,2024-12-29,2025-01-21,Enterprise,118865.85,Net 30
501221,2025-02-07,2025-02-09,2025-03-13,SME,6442.01,Net 30
502196,2024-04-23,2024-04-25,2024-05-20,SME,14016.63,Net 30
501967,2025-06-12,2025-06-20,2025-08-11,Government,43719.11,Net 60
503488,2025-06-21,2025-06-23,2025-07-28,SME,15420.73,Net 30
502656,2024-10-27,2024-10-27,2024-11-17,SME,6469.41,Net 30
502685,2024-10-07,2024-10-17,2024-12-06,Government,281468.64,Net 60
502322,2024-12-01,2024-12-04,2025-01-09,SME,15018.88,Net 30
501898,2025-06-17,2025-06-19,2025-07-07,Enterprise,81631.18,net 30
502667,2025-08-08,2025-08-08,2025-09-05,SME,14942.03,Net 30
500094,2024-02-13,2024-02-13,2024-03-20,SME,8511.39,Net30
501055,2025-10-25,2025-10-26,2025-12-03,SME,13434.08,Net 30
500358,2025-06-12,2025-06-16,2025-07-18,Enterprise,48901.48,Net 30
501806,2025-10-28,2025-10-29,2025-12-05,SME,1885.92,Net 30
500210,2025-10-12,2025-10-12,2025-11-14,SME,4251.0,Net 30
502106,2024-03-26,2024-03-29,2024-04-19,SME,5177.34,Net 30
502506,2025-03-01,2025-03-05,2025-04-11,Enterprise,79267.71,Net 30
503920,2024-05-01,2024-05-13,2024-07-10,Government,34396.68,Net 60
502510,2025-05-04,2025-05-16,2025-08-03,Government,315158.68,Net 60
503408,2025-03-02,2025-03-04,2025-03-28,SME,3591.76,Net 30
504170,2025-04-01,2025-04-04,2025-04-15,SME,12672.32,Net 30
503930,2025-03-03,2025-03-04,2025-03-22,SME,3659.26,Net 30
501295,2025-01-06,2025-01-09,2025-02-12,SME,11592.33,Net 30
500537,2025-01-04,2025-01-07,2025-02-01,SME,8199.63,Net 30
500264,2025-06-16,2025-06-17,2025-07-20,SME,6032.92,Net30
500386,2025-07-16,2025-07-29,2025-09-30,Government,73553.07,Net 60
502501,2024-10-28,2024-11-03,2024-12-09,Enterprise,78189.33,Net 30
501519,2025-02-14,2025-02-14,2025-03-19,SME,-1050.74,Net 30
502808,2025-09-22,2025-10-02,,Government,243665.25,Net 60
501384,2024-10-03,2024-10-05,2024-10-29,SME,3130.07,Net 30
500879,2024-11-25,2024-12-17,2025-02-23,Government,266472.15,Net 60
500460,2024-03-04,2024-03-17,2024-06-12,Government,127137.12,Net 60
503569,2024-11-26,2024-12-03,2025-01-21,Enterprise,56191.8,Net 30
504106,2025-02-04,2025-02-09,2025-03-26,Enterprise,80993.15,Net 30
501502,2024-12-20,2024-12-23,2025-01-24,SME,3478.48,Net 30
501064,2024-03-08,2024-03-11,2024-04-15,Enterprise,48783.16,Net 30
501477,2024-11-06,2024-11-10,2024-12-24,Enterprise,71618.16,Net 30
503944,2024-05-17,2024-05-20,2024-07-03,Enterprise,118584.12,Net 30
502231,2025-03-10,2025-03-11,2025-04-08,SME,14822.69,Net 30
503762,2025-05-08,2025-05-20,2025-08-02,Government,287435.77,Net 60
501149,2025-01-18,2025-01-22,2025-02-24,Enterprise,66274.49,Net 30
502382,2025-08-24,2025-08-27,2025-09-12,SME,10762.89,Net 30
501623,2024-02-24,2024-02-28,2024-03-25,Enterprise,108735.07,Net 30
501761,2024-07-21,2024-07-24,2024-08-14,SME,5300.82,Net30
500437,2025-09-10,2025-09-12,2025-10-12,SME,9371.72,Net 30
503412,2025-05-28,2025-05-31,2025-07-01,SME,12764.21,Net 30
502446,2024-02-13,2024-02-16,2024-03-17,SME,15127.63,Net 30
503232,2024-05-18,2024-05-20,2024-05-31,SME,7487.36,Net 30
503516,2024-10-11,2024-10-23,2024-11-28,Government,286144.84,Net 60
500440,2024-10-23,2024-10-25,2024-11-17,SME,11059.38,Net 30
503807,2025-01-16,2025-01-19,2025-01-28,SME,17998.7,Net 30
502751,2024-05-29,2024-05-29,2024-06-21,SME,16236.69,Net 30
503702,2024-11-11,2024-11-28,2025-01-18,Government,259031.96,Net 60
502563,2025-01-12,2025-01-14,2025-02-10,SME,-3922.26,Net 30
503707,2025-01-20,2025-01-23,2025-04-16,Government,83168.64,Net60
501904,2024-09-15,2024-09-18,2024-10-20,Enterprise,74329.54,Net 30
503991,2024-01-09,2024-01-22,2024-04-14,Government,152510.47,Net 60
503755,2024-10-11,2024-10-11,2024-10-17,SME,12676.14,Net 30
500209,2024-10-16,2024-10-16,2024-11-10,SME,8675.45,Net 30
502440,2025-02-26,2025-03-01,2025-03-14,SME,8469.37,Net 30
501946,2024-03-25,2024-03-27,2024-05-01,SME,5689.83,Net 30
501832,2024-01-08,2024-01-12,2024-02-06,SME,5549.22,Net 30
501861,2025-05-13,2025-05-17,2025-06-24,Enterprise,63400.19,Net 30
502273,2024-03-18,2024-03-20,2024-04-16,SME,16281.05,Net 30
503595,2025-07-17,2025-07-20,2025-08-23,SME,3966.48,Net 30
500666,2024-11-29,2024-12-02,2025-01-09,Enterprise,72929.3,Net 30
504188,2025-08-16,2025-08-27,2025-12-04,Government,100375.53,Net 60
503586,2024-06-12,2024-06-15,2024-07-12,SME,2567.0,Net 30
502410,2025-05-09,2025-05-13,2025-06-12,Enterprise,41094.66,Net 30
501507,2025-09-29,2025-09-30,2025-10-21,SME,3103.66,Net 30
502491,2025-01-07,2025-01-12,2025-03-04,Enterprise,82999.03,Net 30
503402,2025-04-10,2025-04-12,2025-05-17,SME,4377.59,Net 30
500940,2024-01-18,2024-01-19,2024-02-04,SME,13296.74,Net 30
501317,2024-01-22,2024-01-27,2024-02-24,Enterprise,29416.13,Net30
500546,2025-04-27,2025-05-01,2025-05-18,SME,15424.55,Net 30
503178,2024-08-31,2024-09-04,2024-09-17,Enterprise,95502.29,Net 30
502650,2024-06-04,2024-06-08,2024-06-30,Enterprise,52119.29,Net 30
503730,2025-02-21,2025-03-07,2025-04-29,Government,183060.05,Net 60
502497,2024-03-23,2024-03-31,2024-04-24,Enterprise,18413.04,NET 30
500970,2024-07-25,2024-07-29,2024-09-01,Enterprise,22953.34,Net 30
503013,2024-12-05,2024-12-08,2025-01-07,SME,-1989.79,Net 30
503424,2024-11-20,2024-11-21,2024-12-14,SME,14643.38,Net 30
502999,2024-08-18,2024-08-19,2024-09-19,SME,12881.14,NET 30
504124,2024-07-13,2024-07-28,2024-10-17,Government,108272.21,Net 60
500288,2025-05-16,2025-05-21,2025-06-21,Enterprise,69094.59,Net 30
504080,2025-08-28,2025-08-28,2025-09-22,Enterprise,37977.69,net 30
502108,2025-05-26,2025-06-01,2025-07-10,Enterprise,98177.28,NET 30
502601,2024-02-17,2024-02-20,2024-03-15,SME,7222.37,Net 30
503757,2024-07-18,2024-08-02,2024-10-17,Government,38490.79,Net 60
501284,2024-06-08,2024-06-10,2024-07-27,Enterprise,108936.18,Net 30
503268,2025-07-07,2025-07-22,2025-10-07,Government,128191.52,Net 60
503582,2024-06-18,2024-06-21,2024-07-26,SME,5492.75,Net 30
500630,2024-11-06,2024-11-09,2024-12-08,SME,2122.11,Net 30
502885,2024-07-20,2024-07-22,2024-08-12,SME,16547.48,Net 30
503961,2025-07-12,2025-07-21,2025-09-23,Government,202081.61,Net 60
502147,2024-03-14,2024-03-16,2024-04-24,SME,11121.77,Net 30
500145,2024-07-20,2024-07-22,2024-08-24,SME,3354.16,Net 30
502582,2024-03-26,2024-03-30,2024-04-17,SME,10542.91,Net 30
502989,2024-06-26,2024-07-01,2024-09-19,Government,65829.16,Net60
501676,2025-06-27,2025-06-28,2025-07-27,SME,4801.33,Net 30
503173,2024-02-08,2024-02-22,2024-05-11,Government,189089.98,Net 60
501966,2025-07-27,2025-07-27,2025-08-21,Enterprise,54157.94,Net 30
500723,2024-11-22,2024-11-23,2024-12-19,SME,14772.13,NET 30
502381,2024-02-29,2024-03-03,2024-04-12,Enterprise,58939.64,Net 30
504037,2025-06-17,2025-06-21,2025-07-25,Enterprise,105700.18,Net 30
500433,2025-04-12,2025-04-16,2025-04-30,Enterprise,73162.7,Net 30
502436,2025-03-20,2025-03-23,2025-04-05,SME,7920.86,Net 30
500622,2024-04-06,2024-04-09,2024-05-13,SME,6106.22,Net 30
501704,2025-06-12,2025-06-15,2025-06-28,SME,9914.62,Net 30
500116,2024-09-29,2024-10-02,2024-10-03,Enterprise,71126.33,Net 30
500367,2024-12-16,2024-12-18,2025-01-09,Enterprise,50135.65,Net 30
503363,2025-08-23,2025-08-23,2025-09-30,SME,-4445.68,Net 30
501039,2024-07-25,2024-07-26,2024-08-08,SME,-2613.07,Net 30
500169,2024-06-07,2024-06-09,2024-06-29,SME,1516.11,Net 30
502937,2025-02-06,2025-02-10,2025-03-13,Enterprise,77495.2,Net 30
502503,2024-03-19,2024-03-23,2024-04-19,SME,5725.56,net 30
501558,2024-04-08,2024-04-09,2024-05-08,SME,16881.1,Net 30
503118,2024-12-02,2024-12-04,2025-01-06,SME,2491.83,Net 30
500020,2024-05-21,2024-05-26,2024-08-09,Government,198499.61,Net 60
501597,2025-10-04,2025-10-08,2025-11-03,SME,2770.84,net 30
503544,2025-04-12,2025-04-16,2025-06-05,Enterprise,49004.14,Net 30
503722,2024-05-25,2024-06-10,2024-08-11,Government,267076.35,Net 60
501927,2024-09-28,2024-09-28,2024-10-27,SME,9966.39,Net 30
501072,2025-02-19,2025-02-24,2025-03-12,Enterprise,19358.8,Net 30
502229,2025-02-02,2025-02-03,2025-03-06,SME,5900.76,Net 30
501666,2024-12-29,2025-01-01,2025-01-21,SME,9611.19,Net 30
500498,2025-05-24,2025-05-31,2025-07-25,Government,182734.14,Net 60
504179,2025-02-10,2025-02-15,2025-03-19,Enterprise,59511.43,Net 30
500587,2024-01-24,2024-01-29,2024-03-02,Enterprise,63161.42,Net 30
503138,2025-10-11,2025-10-13,2025-11-23,Enterprise,49925.99,Net 30
503684,2025-02-23,2025-02-25,2025-03-28,Enterprise,76319.15,Net 30
500380,2024-10-27,2024-11-12,2025-02-06,Government,305998.81,Net 60
503326,2025-03-05,2025-03-08,2025-04-08,SME,4584.13,Net 30
501467,2025-08-13,2025-08-20,2025-09-19,Enterprise,48492.94,Net 30
503564,2025-01-06,2025-01-08,2025-01-30,SME,1879.53,Net 30
501567,2025-06-02,2025-06-04,2025-06-24,SME,6067.96,Net 30
500907,2025-06-16,2025-06-21,2025-07-23,Enterprise,115314.22,Net 30
500843,2024-06-02,2024-06-14,2024-08-23,Government,98745.97,Net 60
503897,2024-02-21,2024-02-21,2024-03-09,SME,15836.76,Net 30
500567,2024-10-15,2024-10-20,2024-11-27,Enterprise,51600.23,Net 30
502179,2024-07-29,2024-08-17,2024-10-21,Government,211119.53,Net 60
502096,2025-05-09,2025-05-13,2025-06-05,SME,7391.04,Net 30
501309,2025-08-22,2025-08-24,2025-09-19,SME,10476.22,Net 30
504009,2024-05-18,2024-05-21,2024-07-03,Enterprise,117177.43,Net 30
502457,2024-08-08,2024-08-10,2024-09-23,SME,15295.51,Net 30
503304,2025-01-16,2025-01-19,2025-02-20,SME,12023.7,Net 30
501839,2024-09-04,2024-09-08,2024-10-16,Enterprise,48192.25,Net 30
502356,2025-05-04,2025-05-06,2025-06-17,SME,11491.08,Net 30
502065,2024-01-30,2024-02-03,2024-03-03,Enterprise,25527.76,Net 30
501124,2024-12-21,2024-12-23,2025-01-14,SME,9320.35,Net 30
502870,2024-12-20,2024-12-25,2025-01-30,Enterprise,31401.58,Net 30
503037,2024-05-14,2024-05-15,2024-06-10,SME,3566.96,Net 30
502359,2024-08-22,2024-08-27,2024-09-10,Enterprise,20117.18,Net 30
500001,2025-10-09,2025-10-13,2025-12-04,Enterprise,65291.55,Net 30
503409,2024-04-22,2024-04-26,2024-05-26,SME,4237.24,net 30
502762,2024-01-15,2024-01-19,2024-02-18,Enterprise,46200.73,Net 30
503090,2024-02-27,2024-03-02,2024-04-02,SME,17890.86,Net 30
501934,2025-04-05,2025-04-06,2025-05-03,Enterprise,46019.78,Net30
502821,2024-09-02,2024-09-04,2024-09-24,SME,16169.6,Net 30
502270,2025-09-20,2025-09-22,2025-11-12,SME,7326.43,Net 30
503626,2024-09-06,2024-09-06,2024-10-26,SME,8612.22,Net 30
503318,2024-10-13,2024-10-16,2025-01-08,Government,280701.2,Net 60
502276,2024-09-17,2024-09-19,2024-10-15,Enterprise,37884.78,Net 30
503128,2025-04-15,2025-04-15,2025-05-10,SME,6844.56,Net 30
503736,2024-10-08,2024-10-10,2024-10-28,SME,2088.83,Net 30
501548,2024-05-31,2024-06-02,2024-06-22,SME,5307.56,Net 30
501772,2024-04-21,2024-04-27,2024-05-28,Enterprise,88833.69,Net 30
501259,2024-08-01,2024-08-04,2024-09-11,SME,13102.32,Net 30
502368,2024-12-30,2024-12-31,2025-01-20,Enterprise,18373.14,Net 30
503498,2024-12-11,2024-12-14,2025-01-08,SME,12053.85,Net 30
502535,2024-07-27,2024-08-13,2024-10-31,Government,65449.05,Net 60
500667,2024-03-25,2024-03-27,2024-04-24,SME,-2353.59,Net 30
502699,2025-03-06,2025-03-08,2025-04-14,Enterprise,86642.0,Net 30
502626,2024-01-17,2024-01-22,2024-02-21,Enterprise,59059.5,Net 30
502998,2024-08-06,2024-08-10,2024-09-02,SME,9009.55,Net 30
504031,2024-08-07,2024-08-10,2024-09-07,SME,15391.16,Net 30
502215,2024-06-16,2024-06-18,2024-07-21,Enterprise,29306.8,Net 30
503244,2024-07-19,2024-07-22,2024-08-18,SME,10700.84,Net 30
501817,2024-07-23,2024-08-05,2024-09-11,Government,134928.94,Net 60
502707,2025-07-06,2025-07-10,2025-08-07,Enterprise,32931.41,Net 30
500878,2025-09-06,2025-09-09,2025-10-15,SME,9800.57,Net 30
501029,2024-08-22,2024-08-23,2024-09-10,SME,13802.8,Net 30
502222,2024-07-13,2024-07-20,2024-08-14,Enterprise,75759.02,Net 30
501640,2024-11-06,2024-11-09,2024-12-10,SME,12893.36,Net 30
504130,2025-05-16,2025-05-21,2025-07-30,Government,203646.02,Net 60
500043,2024-09-06,2024-09-10,2024-10-04,SME,10273.86,Net 30
503236,2025-07-31,2025-08-03,2025-09-21,SME,16780.01,Net 30
500490,2024-09-13,2024-09-26,2024-11-25,Government,-17517.64,Net 60
501590,2025-06-16,2025-06-17,2025-07-01,SME,17487.55,NET 30
502039,2025-02-28,2025-03-04,2025-03-28,Enterprise,29514.96,Net 30
502342,2025-06-24,2025-07-08,2025-09-11,Government,106076.9,Net 60
504070,2025-02-20,2025-02-25,2025-04-04,Enterprise,119119.48,Net 30
501035,2025-04-10,2025-04-13,2025-06-01,Enterprise,115898.33,Net 30
502928,2024-07-18,2024-07-20,2024-08-12,SME,11326.12,Net 30
500484,2025-09-22,2025-09-26,2025-10-14,SME,15340.31,Net 30
501121,2024-01-18,2024-01-24,2024-02-25,Enterprise,76722.69,Net 30
503130,2024-01-18,2024-01-22,2024-01-30,SME,15702.5,Net 30
501151,2025-06-02,2025-06-07,2025-07-11,Enterprise,15160.32,Net 30
503375,2024-04-24,2024-04-25,2024-05-15,Enterprise,-8716.02,Net 30
503204,2024-05-08,2024-05-13,2024-06-15,Enterprise,66239.8,Net 30
504111,2025-07-27,2025-08-12,2025-10-04,Government,109784.35,Net 60
502242,2025-10-23,2025-10-26,2025-11-30,Enterprise,102629.91,Net 30
502988,2025-08-01,2025-08-06,2025-09-02,SME,14995.04,Net 30
503049,2025-05-10,2025-05-12,2025-06-30,Enterprise,58737.46,Net 30
502218,2025-02-13,2025-03-01,2025-05-22,Government,313166.03,NET 60
503257,2025-04-15,2025-04-17,2025-05-29,SME,4446.01,Net 30
501907,2024-03-16,2024-03-25,2024-06-15,Government,242973.64,Net 60
503919,2025-01-24,2025-01-26,2025-03-17,Enterprise,22441.61,Net 30
501903,2024-06-04,2024-06-08,2024-06-29,SME,6259.48,Net 30
503331,2024-09-05,2024-09-08,2024-10-15,SME,12251.53,Net 30
502735,2024-10-23,2024-10-25,2024-11-18,SME,3985.28,Net 30
501516,2024-11-24,2024-11-27,2024-12-27,Enterprise,53931.84,Net 30
500848,2024-03-25,2024-03-28,2024-04-23,SME,7767.71,Net 30
501250,2025-08-20,2025-08-25,2025-09-21,SME,17616.33,net 30
500100,2024-08-11,2024-08-23,2024-10-18,Government,252759.35,Net 60
501392,2025-02-09,2025-02-15,2025-03-29,Enterprise,93839.57,Net 30
500468,2024-02-11,2024-02-12,2024-02-18,SME,3781.71,Net 30
502245,2024-10-04,2024-10-13,2024-11-08,Enterprise,42482.27,Net 30
500497,2025-01-21,2025-02-01,2025-04-13,Government,194370.34,Net 60
504073,2025-02-06,2025-02-10,2025-03-12,SME,4475.51,Net 30
504161,2025-03-13,2025-03-15,2025-03-28,SME,5484.02,Net 30
502412,2025-10-12,2025-10-17,2025-11-30,Enterprise,95100.25,Net 30
500104,2025-06-20,2025-06-23,2025-07-09,SME,12908.26,Net 30
503505,2025-01-18,2025-01-22,2025-03-01,SME,2802.88,NET 30
500924,2024-11-11,2024-11-14,2024-12-09,SME,1651.71,Net 30
503230,2024-12-19,2024-12-21,2025-01-27,SME,11537.89,Net 30
503133,2025-09-10,2025-09-12,2025-10-16,SME,11300.52,Net 30
503369,2024-07-25,2024-07-29,2024-08-22,SME,9401.16,Net 30
500955,2025-08-21,2025-08-23,2025-09-25,SME,9860.69,Net 30
501981,2025-02-19,2025-02-21,2025-04-05,Enterprise,40108.01,Net 30
502560,2025-08-26,2025-08-29,2025-09-18,SME,14596.55,net 30
503481,2025-06-08,2025-06-09,2025-07-07,SME,14485.57,Net 30
500930,2024-02-23,2024-02-25,2024-03-26,SME,17918.14,Net 30
500610,2024-03-21,2024-03-27,2024-04-17,Enterprise,112687.28,NET 30
500129,2024-08-17,2024-08-19,2024-10-20,Enterprise,42813.22,Net 30
502323,2024-08-14,2024-08-20,2024-08-29,Enterprise,109550.76,Net 30
501445,2024-10-11,2024-10-14,2024-11-12,SME,9433.33,Net 30
501112,2024-03-18,2024-04-03,2024-06-09,Government,245438.63,Net 60
500950,2024-08-25,2024-09-06,2024-10-27,Government,83734.87,Net 60
502141,2024-03-24,2024-03-25,2024-04-25,SME,12416.31,Net 30
501562,2024-02-01,2024-02-07,2024-03-18,Enterprise,15548.17,Net 30
503668,2025-06-24,2025-06-29,2025-08-05,Enterprise,70928.93,Net 30
501053,2025-09-14,2025-09-17,2025-10-09,Enterprise,38691.45,Net 30
503502,2024-08-03,2024-08-09,2024-09-13,Enterprise,37945.75,Net 30
503666,2024-03-28,2024-04-01,2024-05-03,Enterprise,80404.39,Net 30
501709,2024-09-21,2024-09-22,2024-11-03,SME,14121.87,Net 30
502875,2024-05-16,2024-05-29,2024-07-05,Government,168768.27,Net 60
503024,2024-04-28,2024-05-16,2024-08-14,Government,81571.66,Net 60
500601,2024-04-28,2024-05-01,2024-06-05,SME,10386.56,Net 30
500276,2025-01-19,2025-01-21,2025-03-02,SME,10275.93,Net 30
500074,2024-03-22,2024-03-28,2024-05-10,Enterprise,25117.59,Net 30
501162,2024-04-18,2024-04-18,2024-05-11,SME,4954.28,Net 30
503713,2024-07-27,2024-08-03,2024-08-24,Enterprise,58668.19,Net 30
501209,2025-08-12,2025-08-14,2025-10-01,Enterprise,83386.52,net 30
500549,2024-04-22,2024-04-23,2024-05-19,SME,15050.42,Net30
500250,2025-01-04,2025-01-23,2025-04-03,Government,92899.95,Net 60
504015,2024-08-13,2024-08-28,2024-11-11,Government,100920.88,Net 60
503222,2025-02-25,2025-03-10,2025-05-08,Government,276972.48,Net 60
503325,2024-02-18,2024-02-23,2024-03-15,Enterprise,38024.6,Net 30
500833,2024-07-03,2024-07-06,2024-07-31,SME,8533.31,Net 30
502658,2024-09-28,2024-09-30,2024-10-29,SME,9144.27,Net 30
501789,2024-10-06,2024-10-09,2024-11-20,Enterprise,56899.27,Net 30
503342,2025-01-05,2025-01-10,2025-02-04,Enterprise,40374.66,Net 30
502061,2025-02-13,2025-02-15,2025-03-16,SME,4356.58,Net 30
502079,2025-04-23,2025-04-24,2025-05-22,SME,12768.5,Net 30
500146,2024-08-21,2024-08-25,2024-09-22,Enterprise,42149.26,Net 30
504143,2025-05-18,2025-05-22,2025-06-21,Enterprise,54695.87,Net 30
502448,2025-10-09,2025-10-10,2025-11-05,Enterprise,86563.76,Net 30
501175,2024-04-08,2024-04-12,2024-05-04,Enterprise,27451.55,Net 30
501415,2024-12-19,2024-12-26,2025-01-28,Enterprise,115358.82,Net 30
502825,2025-10-01,2025-10-05,2025-11-02,Enterprise,118821.55,Net 30
502502,2024-10-25,2024-10-30,2024-11-26,Enterprise,117860.13,Net 30
502574,2025-07-03,2025-07-03,2025-08-19,Enterprise,48367.8,Net 30
501159,2024-11-25,2024-12-04,2025-02-23,Government,257823.53,Net60
501726,2024-04-10,2024-04-13,2024-05-21,Enterprise,29011.32,Net 30
504020,2025-08-08,2025-08-09,2025-09-13,Enterprise,51267.46,Net 30
500202,2024-05-27,2024-05-28,2024-06-19,SME,6028.76,Net30
503583,2025-07-04,2025-07-17,2025-09-09,Government,303026.06,Net 60
501836,2024-03-23,2024-03-27,2024-04-25,SME,6557.85,Net 30
500087,2025-05-25,2025-05-26,2025-07-14,Enterprise,29721.12,Net 30
503819,2024-02-20,2024-02-26,2024-03-29,Enterprise,115418.8,Net 30
503533,2025-07-12,2025-07-17,2025-09-21,Government,28282.15,Net60
502463,2025-10-12,2025-10-16,2025-11-20,Enterprise,98368.52,net 30
502743,2024-08-02,2024-08-03,2024-09-10,SME,3671.39,Net 30
500746,2025-04-29,2025-05-08,2025-06-01,Enterprise,40856.83,Net 30
501645,2025-01-11,2025-01-15,2025-02-14,Enterprise,57381.96,Net 30
500226,2025-10-10,2025-10-15,2025-11-23,Enterprise,93133.35,Net 30
501198,2024-11-12,2024-11-14,2024-12-18,SME,8054.0,Net 30
502177,2025-01-01,2025-01-05,2025-01-24,SME,5084.21,Net 30
501941,2025-08-01,2025-08-05,2025-09-22,Enterprise,69372.74,Net 30
500744,2025-01-25,2025-01-27,2025-03-06,SME,11721.03,net 30
503647,2024-05-29,2024-06-01,2024-07-10,Enterprise,36297.71,net 30
501040,2025-08-31,2025-09-01,2025-10-06,Enterprise,33414.14,Net 30
503867,2024-08-24,2024-08-27,2024-10-08,SME,8928.63,Net 30
502857,2025-06-13,2025-06-19,2025-07-29,Enterprise,64485.29,Net30
502353,2025-02-25,2025-02-26,2025-03-18,SME,13492.62,Net 30
500778,2024-04-14,2024-04-18,2024-05-14,Enterprise,31082.76,Net 30
502770,2025-01-27,2025-02-02,2025-03-18,Enterprise,80667.39,Net 30
501404,2024-05-25,2024-05-28,2024-06-24,Enterprise,46831.86,Net 30
500713,2024-03-24,2024-04-11,2024-06-23,Government,185614.66,Net 60
502469,2024-02-07,2024-02-10,2024-03-21,SME,11608.37,Net 30
501876,2024-08-25,2024-08-25,2024-09-27,SME,12720.05,Net 30
501290,2024-10-07,2024-10-10,2024-11-07,SME,13937.99,Net 30
500406,2025-08-30,2025-09-02,2025-09-28,Enterprise,92811.86,Net 30
502143,2025-05-24,2025-05-26,2025-06-27,SME,3308.57,Net 30
502890,2024-08-11,2024-08-11,2024-09-08,SME,8674.89,Net 30
502193,2024-05-09,2024-05-17,2024-08-01,Government,194759.01,Net 60
502851,2025-09-22,2025-09-23,2025-10-21,SME,-786.23,Net 30
502888,2024-11-20,2024-11-25,2024-12-25,SME,17855.49,Net 30
503995,2025-09-18,2025-09-19,2025-10-16,SME,13784.1,Net 30
502964,2025-03-23,2025-03-28,2025-05-07,Enterprise,46921.16,Net 30
500424,2025-02-03,2025-02-07,2025-03-01,SME,8529.25,Net 30
500201,2024-01-16,2024-01-21,2024-02-05,Enterprise,82291.26,Net 30
501960,2024-06-04,2024-06-07,2024-07-12,Enterprise,113406.73,Net 30
501887,2025-05-08,2025-05-12,2025-06-17,Enterprise,36698.79,Net 30
503303,2024-01-31,2024-02-03,2024-02-29,Enterprise,78152.38,NET 30
503763,2024-10-01,2024-10-03,2024-10-26,SME,16953.97,NET 30
500133,2024-05-02,2024-05-04,2024-05-24,SME,7021.22,Net 30
500783,2024-03-08,2024-03-11,2024-04-01,SME,6801.66,Net 30
503703,2024-09-23,2024-09-27,2024-10-28,Enterprise,41001.86,NET 30
503252,2024-11-03,2024-11-10,2024-12-31,Government,282541.55,Net 60
502033,2025-07-27,2025-08-02,2025-09-15,Enterprise,65893.55,NET 30
501807,2025-03-16,2025-03-20,2025-04-15,SME,10786.98,Net 30
503134,2025-06-01,2025-06-03,2025-06-23,SME,12129.26,Net 30
504099,2025-08-03,2025-08-04,2025-08-22,SME,1617.65,Net 30
501380,2024-03-13,2024-03-15,2024-04-15,SME,10912.98,Net 30
500260,2025-08-04,2025-08-08,2025-09-18,Enterprise,48028.94,net 30
501886,2024-09-10,2024-09-11,2024-10-05,SME,13281.52,Net 30
502325,2024-08-13,2024-08-14,2024-09-14,SME,7513.12,Net 30
502246,2025-07-30,2025-08-01,2025-08-21,SME,13521.52,Net 30
501244,2025-09-29,2025-10-02,2025-11-04,Enterprise,101103.8,Net 30
501215,2025-06-10,2025-06-22,2025-09-01,Government,-18156.16,Net 60
500482,2024-04-22,2024-04-28,2024-06-03,Enterprise,34527.29,Net 30
500689,2024-04-13,2024-04-17,2024-06-03,Enterprise,76022.21,Net 30
503442,2025-04-30,2025-05-01,2025-05-27,SME,13108.34,Net 30
504047,2025-03-13,2025-03-27,2025-06-04,Government,98134.59,Net 60
503405,2024-04-27,2024-05-01,2024-05-14,SME,10557.25,Net 30
502897,2025-08-10,2025-08-12,2025-09-17,Enterprise,32575.84,Net 30
501436,2025-02-08,2025-02-11,2025-03-17,Enterprise,17484.84,NET 30
502714,2025-05-12,2025-05-13,2025-06-23,Enterprise,-10602.78,Net 30
502639,2024-09-30,2024-10-03,2024-11-11,Enterprise,24526.97,Net30
502264,2025-08-09,2025-08-11,2025-09-10,SME,13757.9,Net 30
502876,2025-07-27,2025-07-28,2025-08-31,SME,4134.47,Net 30
503748,2024-09-23,2024-09-26,2024-10-28,SME,16928.14,net 30
500173,2024-12-17,2024-12-27,2025-03-05,Government,211892.56,Net 60
501114,2025-01-03,2025-01-08,2025-02-15,Enterprise,86054.96,net 30
503400,2025-05-20,2025-06-04,2025-08-19,Government,174674.84,Net 60
500310,2024-06-27,2024-06-28,2024-07-16,SME,16000.7,NET 30
502538,2025-02-23,2025-02-28,2025-04-05,Enterprise,72452.73,Net 30
502991,2024-07-07,2024-07-09,2024-08-10,SME,2249.03,Net 30
503565,2024-11-27,2024-12-01,2024-12-28,SME,16660.42,Net 30
502749,2025-04-19,2025-04-21,2025-05-14,SME,7314.55,Net 30
503191,2024-07-15,2024-07-17,2024-08-16,SME,6053.17,Net 30
502908,2024-02-16,2024-02-19,2024-03-22,SME,2231.05,Net 30
501487,2025-07-04,2025-07-07,2025-08-07,Enterprise,75318.31,Net30
502827,2025-06-01,2025-06-19,2025-09-07,Government,155907.94,Net 60
503545,2024-02-01,2024-02-09,2024-03-31,Government,-21229.38,Net 60
503998,2024-12-11,2024-12-11,2025-01-10,SME,2157.94,Net 30
500476,2024-10-11,2024-10-13,2024-11-04,SME,9903.04,Net 30
504062,2024-04-20,2024-04-21,2024-05-30,SME,13005.1,Net 30
502404,2025-10-02,2025-10-08,2025-11-25,Enterprise,18265.49,Net 30
500677,2025-08-29,2025-09-02,2025-09-19,Enterprise,110209.91,Net 30
504084,2024-09-28,2024-10-02,2024-10-20,Enterprise,66664.74,Net 30
503910,2025-04-17,2025-04-19,2025-05-15,SME,16381.35,Net 30
503952,2025-04-29,2025-05-02,2025-05-13,SME,7776.15,NET 30
500196,2025-05-25,2025-05-26,2025-06-13,SME,17694.51,Net 30
502477,2025-01-28,2025-01-29,2025-03-03,SME,12797.63,Net 30
500273,2025-07-10,2025-07-11,2025-07-23,SME,5531.68,Net 30
503184,2025-07-11,2025-07-17,2025-08-10,Enterprise,88324.57,Net 30
501090,2025-05-18,2025-05-19,2025-06-19,SME,5785.58,Net 30
500876,2024-09-02,2024-09-05,2024-09-18,SME,-247.29,Net 30
503337,2025-06-06,2025-06-08,2025-07-06,SME,5396.51,Net 30
500085,2025-05-13,2025-05-15,2025-06-09,SME,17030.87,Net 30
500806,2025-05-08,2025-05-20,2025-08-12,Government,145950.04,Net 60
501402,2024-04-04,2024-04-10,2024-05-05,Enterprise,75707.99,Net 30
501694,2025-04-22,2025-05-02,2025-07-21,Government,158406.39,Net 60
501969,2024-10-22,2024-10-26,2024-11-10,Enterprise,32288.7,Net 30
500995,2024-02-28,2024-03-03,2024-04-06,Enterprise,108984.32,Net 30
500552,2024-02-11,2024-02-15,2024-03-24,SME,17926.25,Net 30
500728,2025-10-29,2025-10-31,,SME,2469.42,Net 30
504093,2025-10-23,2025-10-26,2025-11-20,SME,6733.61,net 30
501143,2024-01-01,2024-01-06,2024-02-12,Enterprise,94492.66,Net 30
503170,2024-05-29,2024-05-29,2024-06-10,SME,2978.58,Net 30
504146,2025-01-26,2025-01-29,2025-03-22,Enterprise,64204.99,Net 30
502709,2025-04-21,2025-04-23,2025-05-24,SME,7737.67,Net 30
503975,2024-02-20,2024-02-25,2024-03-27,SME,6659.57,Net 30
502500,2024-06-07,2024-06-12,2024-07-12,Enterprise,79816.14,Net 30
502970,2025-09-28,2025-10-11,2025-11-29,Government,68588.89,Net 60
502720,2025-08-10,2025-08-13,2025-09-05,Enterprise,-5253.15,Net 30
503309,2024-02-10,2024-02-13,2024-03-18,SME,6309.07,Net 30
502977,2025-01-09,2025-01-11,2025-01-21,SME,8402.65,Net 30
502726,2024-10-20,2024-10-23,2024-11-19,SME,11163.59,Net 30
504100,2024-12-19,2024-12-21,2025-01-07,SME,5940.73,Net 30
501214,2024-01-03,2024-01-15,2024-04-09,Government,254977.48,Net 60
503070,2025-10-30,2025-11-01,2025-12-06,SME,14367.17,Net 30
503546,2024-02-22,2024-02-24,2024-04-10,Enterprise,77290.35,Net 30
504027,2025-08-15,2025-08-16,2025-09-19,SME,4948.28,Net 30
500418,2025-04-16,2025-04-18,2025-05-21,SME,10692.18,Net 30
501592,2025-01-06,2025-01-23,2025-04-12,Government,199368.7,Net 60
503312,2025-07-11,2025-07-21,2025-10-20,Government,111926.91,Net 60
501363,2024-03-30,2024-04-02,2024-05-09,SME,5837.98,Net 30
501785,2024-05-27,2024-05-29,2024-06-25,SME,16953.75,Net 30
502319,2024-07-11,2024-07-12,2024-08-07,SME,1997.2,Net 30
503937,2024-05-27,2024-05-29,2024-07-09,Enterprise,61145.82,Net 30
503012,2024-09-30,2024-10-03,2024-10-13,SME,13459.93,Net 30
502557,2024-12-08,2024-12-12,2025-01-21,SME,9023.56,Net 30
503892,2024-09-06,2024-09-09,2024-10-24,Enterprise,36369.28,Net 30
502710,2024-12-23,2024-12-24,2025-01-28,SME,10844.99,Net 30
503050,2025-08-18,2025-08-22,2025-09-26,Enterprise,64585.74,Net 30
500054,2025-01-02,2025-01-14,2025-03-06,Government,216249.62,Net 60
501576,2024-10-21,2024-10-21,2024-11-12,SME,10303.01,Net30
504163,2025-09-04,2025-09-08,2025-10-17,Enterprise,34564.84,Net 30
503153,2025-04-24,2025-05-02,2025-06-20,Government,256728.85,Net 60
503511,2025-03-26,2025-03-26,2025-04-18,SME,16179.78,Net 30
504001,2024-05-15,2024-05-19,2024-06-18,Enterprise,103281.52,Net 30
500111,2024-11-06,2024-11-16,2025-01-09,Government,233548.51,Net60
500641,2024-03-09,2024-03-13,2024-04-10,SME,13109.11,Net 30
500592,2025-10-16,2025-10-22,2025-12-01,Enterprise,91796.2,Net 30
500388,2025-02-24,2025-02-27,2025-03-25,SME,17824.89,Net 30
503761,2024-11-05,2024-11-07,2024-12-12,Enterprise,65982.0,Net 30
501539,2025-07-05,2025-07-08,2025-07-11,SME,4874.84,Net 30
501583,2025-09-10,2025-09-15,2025-10-05,Enterprise,46800.78,Net 30
501812,2024-07-12,2024-07-28,2024-09-18,Government,120439.86,Net 60
503733,2024-07-17,2024-07-20,2024-09-04,Enterprise,114668.26,Net 30
500508,2024-12-30,2025-01-06,2025-03-08,Government,28433.34,Net 60
500408,2025-06-25,2025-07-09,2025-09-15,Government,29179.99,Net 60
500377,2025-03-17,2025-03-19,2025-04-13,SME,17111.23,Net 30
501377,2024-04-14,2024-04-19,2024-05-21,Enterprise,45290.13,Net 30
502445,2025-01-11,2025-01-15,2025-02-08,SME,17199.05,net 30
502213,2024-06-14,2024-06-16,2024-06-27,SME,10849.88,Net30
503935,2025-04-12,2025-04-22,2025-07-22,Government,272955.53,Net 60
503929,2024-04-16,2024-04-18,2024-05-25,SME,16519.17,Net 30
501674,2025-06-10,2025-06-11,2025-07-03,SME,10853.07,Net 30
501101,2024-10-27,2024-10-27,2024-11-17,SME,5411.88,Net 30
500188,2025-10-08,2025-10-11,2025-11-07,SME,11409.35,Net 30
500189,2025-07-01,2025-07-04,2025-08-04,SME,17901.08,Net 30
502489,2024-04-08,2024-04-11,2024-05-19,Enterprise,68364.36,Net 30
501757,2025-08-10,2025-08-12,2025-09-10,SME,10955.12,Net 30
501252,2025-07-23,2025-07-26,2025-09-12,Enterprise,103994.6,Net30
501512,2024-05-09,2024-05-22,2024-08-06,Government,26986.01,Net 60
503215,2025-05-23,2025-05-27,2025-07-10,Enterprise,76695.74,Net 30
500911,2024-08-03,2024-08-09,2024-09-22,Enterprise,61255.94,Net 30
500615,2025-06-24,2025-06-27,2025-07-16,SME,9389.72,Net 30
500609,2025-04-20,2025-04-22,2025-05-30,Enterprise,34440.07,Net 30
503292,2024-03-31,2024-04-01,2024-05-14,SME,17533.99,Net 30
502905,2024-02-12,2024-02-12,2024-03-23,SME,6612.42,Net 30
504166,2025-10-27,2025-11-01,2025-12-03,Enterprise,112167.76,Net 30
503558,2024-07-05,2024-07-06,2024-07-29,Enterprise,117875.18,Net 30
502354,2024-04-13,2024-04-16,2024-05-15,SME,16892.81,Net 30
503149,2024-08-13,2024-08-16,2024-09-08,Enterprise,75692.5,Net 30
503562,2025-08-10,2025-08-11,2025-08-19,SME,2402.32,net 30
501396,2025-04-17,2025-04-23,2025-05-30,Enterprise,116529.24,Net 30
501106,2025-02-17,2025-02-22,2025-03-14,Enterprise,100870.9,Net 30
503087,2025-08-10,2025-08-13,2025-09-10,SME,13051.53,Net 30
501096,2025-03-26,2025-03-30,2025-05-13,Enterprise,74256.2,net 30
501339,2025-04-17,2025-04-23,2025-05-19,Enterprise,41147.55,Net 30
502694,2024-10-03,2024-10-04,2024-10-21,Enterprise,34699.97,Net 30
501338,2025-03-27,2025-03-31,2025-05-01,SME,9111.58,Net 30
500422,2024-01-09,2024-02-01,2024-05-01,Government,57133.16,Net 60
503394,2024-09-27,2024-10-12,2024-12-15,Government,155423.99,net 60
502859,2024-03-29,2024-04-01,2024-04-28,Enterprise,27480.5,Net 30
504066,2025-03-22,2025-03-28,2025-05-02,Enterprise,42235.62,Net 30
502143,2025-05-24,2025-05-26,2025-06-27,SME,3308.57,Net 30
502415,2025-02-01,2025-02-09,2025-04-28,Government,143454.1,Net 60
501086,2024-02-12,2024-02-14,2024-03-15,SME,3561.9,Net 30
501537,2024-05-10,2024-05-26,2024-08-28,Government,210158.67,Net 60
501893,2025-01-22,2025-01-24,2025-02-20,SME,5778.9,Net 30
503659,2024-02-07,2024-02-09,2024-02-29,SME,12228.22,Net 30
502037,2024-10-10,2024-10-13,2024-11-09,SME,12586.64,Net 30
501268,2025-07-18,2025-07-22,2025-08-25,Enterprise,95075.02,Net 30
503745,2024-02-12,2024-03-04,2024-05-18,Government,32899.23,Net 60
501170,2025-06-22,2025-06-22,2025-07-26,Enterprise,86757.53,net 30
502657,2025-01-16,2025-01-19,2025-02-17,SME,1676.63,Net 30
503391,2025-09-21,2025-09-21,2025-10-12,SME,11425.87,Net 30
503306,2025-03-06,2025-03-08,2025-04-09,Enterprise,89501.59,Net 30
500252,2024-01-09,2024-01-12,2024-02-14,SME,15511.71,Net 30
503226,2024-07-18,2024-07-19,2024-08-10,SME,14320.82,Net 30
501614,2024-09-03,2024-09-06,2024-10-09,Enterprise,84094.52,Net 30
503426,2025-09-22,2025-09-24,2025-10-30,SME,7153.29,Net 30
501994,2025-07-23,2025-07-27,2025-08-31,SME,9375.54,Net 30
502283,2024-09-24,2024-09-26,2024-10-27,SME,4304.08,Net 30
501991,2025-03-24,2025-03-29,2025-05-09,Enterprise,52768.36,Net 30
503608,2024-03-09,2024-03-20,2024-04-27,Government,301737.85,Net 60
503616,2025-03-24,2025-03-27,2025-04-22,Enterprise,119845.26,Net 30
501575,2025-03-23,2025-03-26,2025-04-16,SME,11630.76,Net 30
501633,2025-02-09,2025-02-22,2025-05-06,Government,-39141.06,Net60
504153,2025-06-16,2025-06-18,2025-07-13,SME,8676.42,Net 30
502429,2025-02-03,2025-02-19,2025-04-27,Government,165243.11,net 60
500122,2025-08-13,2025-08-17,2025-09-15,SME,17462.09,Net 30
502927,2025-01-20,2025-02-09,2025-04-01,Government,170737.95,Net 60
503371,2024-11-07,2024-11-11,2024-11-29,Enterprise,27263.62,Net 30
502809,2024-10-27,2024-10-29,2024-11-08,SME,5840.3,Net 30
503071,2025-03-21,2025-03-21,2025-04-29,SME,7273.34,Net 30
501865,2024-05-10,2024-05-28,2024-08-01,Government,210687.35,Net 60
503338,2025-02-19,2025-02-20,2025-03-20,SME,12460.74,Net 30
501980,2024-03-20,2024-03-22,2024-04-20,SME,4830.77,Net 30
501222,2024-04-01,2024-04-05,2024-05-14,SME,14543.24,Net 30
501593,2024-09-20,2024-09-24,2024-10-22,Enterprise,88216.3,Net 30
500575,2024-11-16,2024-12-04,2025-01-28,Government,316358.92,Net 60
501564,2024-04-07,2024-04-09,2024-06-04,SME,6023.47,Net 30
501815,2024-10-04,2024-10-10,2024-11-06,Enterprise,119995.32,net 30
500685,2024-06-12,2024-06-13,2024-07-14,Enterprise,92774.03,Net 30
504082,2024-10-31,2024-11-03,2024-12-01,Enterprise,82972.03,Net 30
500361,2025-04-19,2025-04-21,2025-05-28,SME,9911.89,Net 30
503185,2024-04-14,2024-04-15,2024-05-17,SME,10896.0,Net 30
501109,2024-06-03,2024-06-04,2024-07-06,SME,9438.86,Net30
501781,2024-04-15,2024-04-18,2024-05-22,SME,12820.75,Net 30
501989,2025-02-25,2025-03-01,2025-04-03,SME,14992.1,Net 30
502670,2024-08-31,2024-09-02,2024-09-19,Enterprise,47841.22,Net 30
501410,2024-10-19,2024-10-31,2024-12-19,Government,68695.92,Net 60
503064,2024-11-21,2024-11-23,2024-12-01,SME,3501.69,Net 30
504045,2024-05-08,2024-05-20,2024-07-24,Government,288698.84,net 60
502367,2024-03-01,2024-03-03,2024-03-31,SME,6532.87,Net 30
500141,2024-02-21,2024-02-24,2024-03-30,SME,10521.5,Net 30
501972,2024-03-21,2024-03-26,2024-05-07,Enterprise,110977.66,Net 30
500652,2024-01-27,2024-02-15,2024-04-19,Government,51220.23,Net60
504160,2024-08-03,2024-08-04,2024-08-23,SME,10456.73,Net 30
504123,2025-08-20,2025-08-27,2025-09-27,Enterprise,20033.17,Net 30
501742,2025-08-26,2025-08-28,2025-09-25,Enterprise,107760.2,net 30
503291,2024-03-22,2024-03-25,2024-04-19,Enterprise,55857.57,Net 30
503645,2025-07-04,2025-07-06,2025-07-22,SME,14696.49,Net 30
502376,2025-10-04,2025-10-07,2025-10-24,SME,4778.89,Net 30
503393,2025-01-31,2025-02-06,2025-03-15,Enterprise,21178.2,Net 30
501980,2024-03-20,2024-03-22,2024-04-20,SME,4830.77,Net 30
501511,2025-06-13,2025-06-21,2025-07-17,Enterprise,101224.43,Net 30
503636,2025-03-19,2025-03-21,2025-04-18,SME,12315.83,Net 30
500486,2024-02-17,2024-02-20,2024-03-22,SME,15048.96,Net 30
501123,2025-03-11,2025-03-14,2025-04-16,Enterprise,39724.91,Net 30
503697,2024-06-24,2024-06-26,2024-07-19,Enterprise,47266.02,Net 30
501247,2025-01-11,2025-01-15,2025-02-03,SME,2637.85,Net 30
502002,2024-03-05,2024-03-08,2024-03-21,SME,17037.5,Net 30
501587,2025-04-04,2025-04-08,2025-05-10,Enterprise,82997.58,Net 30
501727,2024-04-08,2024-04-12,2024-05-11,Enterprise,65930.12,Net 30
501675,2024-08-27,2024-09-19,2024-11-25,Government,171432.92,Net 60
500293,2024-09-19,2024-09-30,2024-11-24,Government,54875.85,Net 60
501705,2025-02-14,2025-02-26,2025-05-29,Government,235098.78,Net 60
501617,2024-07-18,2024-07-20,2024-08-18,SME,5297.93,Net 30
502284,2025-01-12,2025-01-12,2025-02-01,Enterprise,46493.04,Net 30
502081,2024-12-23,2024-12-27,2025-01-14,SME,16928.73,net 30
500683,2024-01-16,2024-01-18,2024-02-06,SME,9550.69,Net 30
502835,2024-06-20,2024-06-24,2024-07-30,Enterprise,64740.77,Net 30
500896,2025-05-25,2025-05-29,2025-07-01,SME,-622.69,NET 30
500749,2024-05-07,2024-05-09,2024-05-23,SME,14685.21,NET 30
503341,2025-07-27,2025-07-27,2025-08-12,SME,7158.08,Net 30
500574,2024-10-03,2024-10-10,2024-12-31,Government,268776.52,net 60
502310,2024-04-25,2024-04-28,2024-06-01,Enterprise,76766.61,Net 30
501739,2024-12-14,2024-12-18,2025-02-09,Government,160723.23,Net 60
502583,2025-06-14,2025-06-16,2025-07-24,Enterprise,96077.02,Net 30
500244,2024-05-08,2024-05-14,2024-06-23,Enterprise,17725.76,Net 30
503139,2025-02-21,2025-02-28,2025-04-06,Enterprise,81946.45,Net30
502655,2025-02-26,2025-02-27,2025-03-19,SME,2033.92,net 30
503482,2024-11-30,2024-12-05,2025-01-03,Enterprise,30795.53,Net 30
503311,2024-07-17,2024-07-18,2024-08-21,SME,12547.93,Net 30
501873,2024-07-24,2024-07-28,2024-09-03,Enterprise,24723.09,Net 30
502053,2024-10-14,2024-10-17,2024-11-02,SME,14514.45,net 30
501345,2024-07-17,2024-07-19,2024-08-18,SME,2361.85,Net 30
503606,2025-03-01,2025-03-04,2025-04-03,Enterprise,74352.08,Net 30
504103,2025-05-03,2025-05-10,2025-07-18,Government,261855.55,Net 60
502251,2025-04-01,2025-04-16,2025-06-15,Government,295061.67,Net 60
502965,2025-10-09,2025-10-11,2025-11-16,SME,15819.91,Net 30
500283,2024-02-07,2024-02-13,2024-03-14,Enterprise,44638.68,Net 30
501052,2024-03-27,2024-03-29,2024-04-20,SME,17205.48,Net 30
502390,2024-01-07,2024-01-09,2024-02-08,SME,5704.78,Net30
503117,2024-07-26,2024-07-31,2024-08-31,Enterprise,45459.38,Net 30
502921,2024-06-22,2024-06-22,2024-07-28,Enterprise,19702.49,Net 30
501399,2025-01-29,2025-01-31,2025-03-03,SME,9218.35,Net 30
502252,2024-11-30,2024-12-04,2024-12-26,Enterprise,49933.44,Net 30
502453,2024-09-04,2024-09-12,2024-10-19,Enterprise,21111.69,Net 30
503383,2025-10-28,2025-10-31,2025-11-25,SME,16042.13,Net 30
501639,2024-01-05,2024-01-20,2024-04-04,Government,44557.42,Net 60
500554,2024-01-17,2024-02-02,2024-04-17,Government,194906.9,Net 60
501375,2025-08-17,2025-08-19,2025-09-03,SME,7244.62,Net 30
502413,2024-03-05,2024-03-07,2024-04-03,SME,17750.22,Net 30
502936,2025-03-06,2025-03-14,2025-05-24,Government,205537.93,Net 60
502740,2024-06-18,2024-06-20,2024-07-18,SME,3712.77,Net30
503646,2024-12-13,2024-12-15,2025-01-17,SME,5563.13,Net 30
502534,2025-08-26,2025-08-27,2025-09-30,SME,6624.78,Net 30
503042,2024-10-12,2024-10-17,2024-11-01,SME,17803.96,Net 30
501747,2024-01-18,2024-01-24,2024-03-06,Enterprise,118916.33,Net 30
502237,2024-06-05,2024-06-08,2024-07-11,Enterprise,88670.01,Net 30
502169,2025-08-05,2025-08-08,2025-08-24,SME,16278.5,Net 30
500898,2025-07-07,2025-07-10,2025-08-07,Enterprise,92759.25,net 30
502689,2025-01-28,2025-02-04,2025-03-21,Enterprise,111960.34,NET 30
500301,2024-12-25,2024-12-28,2025-01-31,SME,7363.47,net 30
502672,2024-04-16,2024-04-19,2024-05-21,Enterprise,50387.24,Net 30
500261,2024-09-14,2024-09-23,2024-11-04,Government,102933.95,Net 60
500814,2024-04-29,2024-04-30,2024-05-22,SME,17653.55,Net 30
501305,2024-12-11,2024-12-15,2025-01-12,Enterprise,42898.94,Net30
503225,2025-06-22,2025-07-05,2025-09-26,Government,67449.98,Net 60
503457,2024-07-07,2024-07-09,2024-08-08,SME,3917.84,Net 30
500934,2024-08-19,2024-08-23,2024-10-03,Enterprise,29881.78,Net 30
502304,2024-11-27,2024-12-09,2025-02-11,Government,229528.84,Net60
500419,2024-02-08,2024-02-11,2024-03-02,SME,5154.66,Net 30
500767,2024-06-23,2024-06-28,2024-07-15,Enterprise,101687.72,Net 30
500891,2024-10-21,2024-10-26,2024-11-28,Enterprise,59736.31,Net 30
500657,2025-06-28,2025-07-01,2025-07-25,SME,16346.61,Net 30
502481,2024-05-04,2024-05-08,2024-06-27,Government,35946.58,net 60
501571,2025-07-17,2025-07-19,2025-08-21,Enterprise,44396.99,Net 30
501569,2024-09-24,2024-09-26,2024-11-13,SME,6925.64,Net 30
502719,2024-01-20,2024-01-25,2024-03-15,Enterprise,66816.93,Net 30
503986,2025-05-01,2025-05-11,2025-07-11,Government,116518.55,Net 60
503901,2024-07-03,2024-07-06,2024-07-25,Enterprise,23325.59,Net 30
502893,2025-03-18,2025-03-18,2025-04-28,SME,3372.15,Net 30
501626,2024-08-19,2024-08-21,2024-09-28,SME,7221.22,Net30
502511,2024-03-25,2024-03-26,2024-04-17,Enterprise,109885.42,Net 30
500638,2024-09-07,2024-09-13,2024-10-23,Enterprise,16605.67,net 30
501603,2024-02-28,2024-03-16,2024-05-15,Government,178653.28,net 60
502802,2024-05-11,2024-05-27,2024-08-19,Government,238915.99,net 60
504190,2024-09-02,2024-09-06,2024-10-21,Enterprise,77534.06,Net 30
502485,2024-03-27,2024-03-29,2024-04-30,SME,17410.95,Net 30
500025,2025-10-16,2025-10-18,2025-11-13,SME,1889.03,NET 30
503599,2024-12-24,2024-12-25,2025-02-02,Enterprise,42187.71,Net 30
502947,2025-01-31,2025-02-03,2025-03-10,SME,15731.84,Net 30
502012,2024-06-27,2024-07-01,2024-08-01,Enterprise,99029.92,Net 30
501550,2024-02-01,2024-02-07,2024-03-24,Enterprise,18045.8,Net 30
503715,2025-08-16,2025-08-20,2025-09-24,SME,15460.88,Net 30
503387,2025-05-23,2025-05-25,2025-06-24,SME,8530.68,NET 30
501905,2025-09-14,2025-09-16,2025-10-14,SME,7775.01,Net 30
500083,2025-02-09,2025-02-12,2025-03-11,SME,14598.06,Net 30
503359,2025-10-30,2025-11-01,2025-11-13,SME,14542.82,Net 30
500126,2025-10-05,2025-10-11,2025-11-11,Enterprise,78296.11,Net 30
503812,2025-05-04,2025-05-07,2025-05-25,SME,16677.71,Net 30
504148,2024-02-03,2024-02-04,2024-03-04,Enterprise,73754.5,Net 30
501745,2024-06-12,2024-06-16,2024-07-08,Enterprise,71161.52,Net 30
504003,2024-03-25,2024-03-27,2024-04-29,Enterprise,58854.44,Net 30
503018,2024-08-02,2024-08-03,2024-08-31,SME,17852.89,Net 30
500545,2025-09-14,2025-09-17,2025-10-22,SME,9203.24,Net 30
503635,2024-04-04,2024-04-04,2024-05-22,Enterprise,86638.34,Net 30
503605,2025-02-02,2025-02-04,2025-02-26,SME,7793.92,Net 30
502945,2024-10-12,2024-10-15,2024-11-18,SME,14637.21,Net 30
502180,2024-05-18,2024-05-21,2024-06-22,Enterprise,95082.18,Net 30
500082,2024-03-11,2024-03-14,2024-04-17,SME,7741.31,Net 30
501210,2025-09-18,2025-09-21,2025-10-03,SME,1717.66,Net 30
503768,2025-07-13,2025-07-15,2025-08-04,SME,9934.03,Net 30
501921,2024-08-05,2024-08-10,2024-10-05,Enterprise,106710.49,Net 30
501986,2024-11-05,2024-11-07,2024-12-10,SME,5291.5,Net 30
504168,2025-07-23,2025-07-25,2025-09-01,Enterprise,82080.35,Net 30
502520,2025-07-17,2025-07-18,2025-08-17,SME,-2942.68,Net 30
500935,2024-01-31,2024-02-02,2024-03-05,Enterprise,45488.36,net 30
500242,2024-09-13,2024-09-16,2024-10-22,SME,4072.33,Net 30
503965,2025-01-12,2025-01-14,2025-02-26,SME,17633.37,Net30
503724,2024-12-13,2024-12-19,2025-01-26,Enterprise,78229.02,Net 30
502208,2024-09-20,2024-09-24,2024-10-10,SME,11663.23,Net 30
503889,2025-08-21,2025-08-22,2025-09-22,Enterprise,25590.81,NET 30
503313,2024-02-03,2024-02-06,2024-03-12,SME,10444.8,Net 30
501698,2024-01-21,2024-01-24,2024-02-02,SME,5453.07,Net 30
502202,2025-02-09,2025-02-16,2025-03-16,Enterprise,44306.92,Net 30
500231,2025-03-18,2025-03-25,2025-05-03,Enterprise,71634.01,Net 30
502854,2024-05-09,2024-05-12,2024-06-08,SME,6727.86,Net 30
501218,2024-08-03,2024-08-06,2024-09-06,SME,2184.92,Net 30
500808,2024-06-30,2024-07-07,2024-09-14,Government,161869.72,Net 60
502906,2024-11-09,2024-11-10,2024-12-04,SME,-1241.2,Net 30
503286,2024-12-16,2024-12-23,2025-01-21,Enterprise,27506.07,Net 30
500857,2024-09-20,2024-09-21,2024-10-26,SME,4290.44,Net 30
503727,2024-02-20,2024-02-24,2024-03-20,SME,3585.63,Net 30
503495,2025-07-13,2025-07-25,2025-09-30,Government,301623.36,Net 60
501051,2024-09-27,2024-09-28,2024-11-11,Enterprise,72464.23,Net 30
503368,2024-12-08,2024-12-13,2025-01-07,SME,-2334.39,NET 30
503284,2024-10-23,2024-10-25,2024-11-18,SME,17390.03,Net 30
501454,2024-06-19,2024-06-24,2024-07-28,Enterprise,52101.5,Net 30
502115,2025-02-01,2025-02-08,2025-04-11,Government,250875.99,NET 60
500007,2025-02-02,2025-02-06,2025-03-15,Enterprise,18456.04,Net 30
500058,2024-05-01,2024-05-02,2024-05-22,SME,14420.17,Net 30
503401,2025-01-08,2025-01-10,2025-01-27,Enterprise,117666.05,Net 30
503543,2024-01-10,2024-01-13,2024-02-05,SME,3427.44,Net 30
500740,2025-07-19,2025-07-24,2025-08-17,SME,17058.21,Net 30
504172,2024-11-06,2024-11-08,2024-12-10,SME,16089.9,Net 30
502348,2025-09-23,2025-09-30,,Government,37157.41,Net 60
501532,2024-02-09,2024-02-16,2024-03-04,Enterprise,102061.52,Net 30
504008,2025-01-20,2025-01-21,2025-02-13,SME,16765.32,Net 30
501248,2025-04-28,2025-05-03,2025-06-09,SME,2290.97,Net 30
500448,2025-10-22,2025-10-30,,Government,222533.51,Net 60
503852,2025-04-05,2025-04-06,2025-05-04,SME,8885.45,net 30
501117,2024-04-20,2024-05-03,2024-07-09,Government,308821.26,Net 60
501181,2024-08-13,2024-08-13,2024-09-11,SME,4241.17,Net 30
503732,2025-07-26,2025-08-09,2025-10-22,Government,72149.87,Net 60
502028,2024-02-04,2024-02-08,2024-03-14,Enterprise,115102.41,Net 30
503973,2025-04-29,2025-05-04,2025-06-10,Enterprise,75554.27,Net 30
500135,2025-10-28,2025-10-30,2025-11-17,SME,13535.02,net 30
501578,2025-02-16,2025-02-19,2025-04-02,SME,8795.97,Net30
503509,2025-08-15,2025-08-16,2025-09-11,SME,6078.33,Net30
503083,2024-04-25,2024-04-26,2024-05-23,SME,2691.78,Net 30
503305,2025-08-23,2025-08-27,2025-09-24,SME,10434.12,Net 30
503333,2024-06-26,2024-06-30,2024-07-19,SME,12092.66,Net 30
502126,2025-07-17,2025-07-20,2025-08-14,Enterprise,108967.94,net 30
500966,2024-07-04,2024-07-06,2024-07-30,SME,13110.85,Net 30
500695,2025-08-25,2025-08-26,2025-09-20,SME,15606.28,Net 30
500605,2024-08-08,2024-08-12,2024-09-09,SME,5401.54,Net 30
503295,2024-05-30,2024-06-01,2024-07-04,SME,15070.55,Net30
500270,2025-05-02,2025-05-07,2025-06-06,SME,11208.99,Net 30
503417,2025-05-02,2025-05-03,2025-05-24,Enterprise,17716.13,Net 30
500108,2025-05-18,2025-05-23,2025-06-23,Enterprise,-9090.86,Net 30
501308,2024-08-24,2024-08-25,2024-10-01,SME,-495.64,Net 30
503006,2024-12-28,2024-12-28,2025-01-21,SME,14238.4,Net 30
500120,2025-08-03,2025-08-08,2025-08-25,SME,15275.42,Net 30
503330,2024-10-03,2024-10-05,2024-11-16,SME,10119.48,Net 30
500686,2024-07-06,2024-07-07,2024-07-26,SME,-1769.04,Net 30
502504,2025-06-15,2025-06-19,2025-07-25,Enterprise,26364.75,Net30
501419,2024-11-25,2024-11-28,2025-01-01,Enterprise,75119.43,Net 30
501849,2025-04-01,2025-04-02,2025-05-05,SME,11687.46,Net 30
501424,2024-08-23,2024-08-27,2024-10-03,SME,5118.1,NET 30
504034,2025-02-06,2025-02-07,2025-03-04,SME,2310.91,Net 30
501054,2025-02-28,2025-03-18,2025-06-04,Government,264386.23,net 60
500628,2024-04-20,2024-05-04,2024-06-15,Government,200186.69,Net 60
502144,2024-08-11,2024-08-16,2024-09-13,Enterprise,61251.19,Net 30
501630,2024-06-05,2024-06-06,2024-06-21,SME,9722.06,Net 30
501736,2024-05-24,2024-05-29,2024-06-05,SME,4335.2,Net 30
501335,2024-01-22,2024-01-23,2024-02-22,SME,4275.44,Net 30
503356,2024-09-02,2024-09-05,2024-10-02,SME,17565.39,Net 30
503152,2025-04-06,2025-04-07,2025-04-24,SME,11848.97,Net 30
503784,2025-07-30,2025-08-05,2025-09-08,Enterprise,84645.58,Net 30
503734,2024-09-27,2024-10-02,2024-12-15,Government,188288.48,Net 60
504108,2025-04-20,2025-04-23,2025-05-15,SME,-825.3,Net30
502192,2024-09-18,2024-09-21,2024-10-29,SME,6046.71,Net 30
500160,2025-03-28,2025-04-12,2025-06-17,Government,295570.9,Net 60
503589,2025-03-29,2025-04-06,2025-05-06,Enterprise,87203.02,Net 30
503288,2024-06-28,2024-07-03,2024-07-27,Enterprise,16326.14,Net 30
503642,2024-03-17,2024-03-21,2024-04-23,SME,2709.28,Net 30
503059,2024-07-27,2024-07-29,2024-08-19,SME,-253.12,Net 30
500529,2025-08-18,2025-08-23,2025-09-18,Enterprise,20652.85,Net 30
500479,2024-04-17,2024-04-18,2024-05-31,SME,4949.63,Net 30
503954,2024-01-06,2024-01-09,2024-01-28,SME,13329.94,Net 30
503150,2025-08-12,2025-08-28,2025-10-30,Government,187001.58,net 60
503283,2025-09-16,2025-09-19,2025-10-20,Enterprise,48235.57,Net 30
501030,2024-08-14,2024-08-17,2024-09-06,Enterprise,73148.58,Net 30
502839,2025-03-23,2025-03-24,2025-05-01,SME,7063.91,Net 30
501194,2024-01-10,2024-01-12,2024-02-19,Enterprise,106760.51,Net 30
500884,2025-07-05,2025-07-15,2025-10-04,Government,297179.18,Net 60
500413,2024-06-21,2024-06-27,2024-07-24,Enterprise,72416.64,Net 30
500279,2024-05-04,2024-05-24,2024-08-09,Government,-44216.4,Net 60
503245,2025-06-25,2025-06-27,2025-08-01,SME,11489.68,Net30
500910,2025-05-17,2025-05-21,2025-06-16,SME,2795.62,Net30
502677,2025-03-31,2025-04-03,2025-05-20,SME,1708.23,Net 30
501278,2024-08-24,2024-08-25,2024-09-26,SME,9169.54,Net30
500581,2025-07-29,2025-07-30,2025-08-14,SME,10335.51,Net 30
500190,2024-05-29,2024-06-17,2024-08-05,Government,83103.95,Net 60
503639,2024-08-31,2024-09-04,2024-09-28,Enterprise,22154.58,Net 30
502620,2024-12-05,2024-12-09,2025-01-07,SME,13598.81,Net 30
503347,2025-04-11,2025-04-13,2025-05-04,Enterprise,116986.23,Net 30
503156,2024-02-17,2024-02-21,2024-03-23,Enterprise,30727.84,Net 30
502923,2024-11-28,2024-11-30,2025-01-01,Enterprise,77986.4,Net 30
501801,2025-02-23,2025-02-26,2025-04-08,Enterprise,74378.98,Net 30
500859,2024-06-10,2024-06-12,2024-07-11,Enterprise,107583.96,Net 30
502690,2025-08-26,2025-08-26,2025-09-29,SME,16234.5,Net 30
500311,2024-09-28,2024-09-28,2024-10-16,SME,6482.73,Net 30
502432,2024-12-11,2024-12-15,2025-01-13,SME,7206.18,Net 30
503490,2025-02-01,2025-02-03,2025-03-13,SME,3711.52,Net 30
503497,2025-04-21,2025-04-26,2025-05-14,Enterprise,37159.74,Net 30
500245,2025-04-11,2025-04-17,2025-05-08,Enterprise,38964.89,net 30
500155,2024-09-19,2024-09-19,2024-10-11,Enterprise,-8764.67,Net 30
503534,2025-02-09,2025-02-11,2025-03-13,SME,6231.28,Net 30
502985,2025-08-31,2025-09-05,2025-09-28,Enterprise,48431.6,Net 30
500021,2024-12-08,2024-12-10,2025-01-25,Enterprise,92780.71,Net 30
503691,2024-07-31,2024-08-03,2024-09-03,Enterprise,113318.29,Net 30
502160,2025-03-13,2025-03-17,2025-03-30,Enterprise,33105.1,Net 30
502487,2024-03-16,2024-03-17,2024-04-22,SME,8510.03,Net 30
500773,2025-08-17,2025-08-20,2025-09-12,SME,15628.85,Net 30
502306,2024-09-07,2024-09-14,2024-11-21,Government,118689.25,Net 60
503738,2025-07-12,2025-07-13,2025-08-11,SME,7826.42,net 30
503869,2025-06-02,2025-06-08,2025-07-15,Enterprise,76071.53,Net 30
503392,2025-07-02,2025-07-06,2025-08-11,Enterprise,118001.01,Net 30
503848,2024-04-13,2024-04-15,2024-05-28,SME,4788.03,Net 30
503187,2025-05-11,2025-05-14,2025-06-17,Enterprise,100214.81,NET 30
502326,2024-06-30,2024-07-04,2024-08-19,Enterprise,23403.66,Net 30
500680,2024-04-06,2024-04-08,2024-05-01,SME,7193.95,Net 30
502308,2025-03-30,2025-03-30,2025-05-06,SME,8910.77,Net 30
503328,2024-11-29,2024-12-02,2025-01-01,SME,17534.35,Net 30
500143,2025-04-24,2025-04-26,2025-05-23,SME,17351.18,Net 30
503618,2024-12-28,2024-12-30,2025-01-16,SME,15576.06,NET 30
501851,2024-01-10,2024-01-16,2024-02-09,Enterprise,114931.96,Net 30
502175,2025-07-24,2025-07-29,2025-09-08,Enterprise,74578.36,Net 30
500474,2024-12-05,2024-12-11,2025-01-11,Enterprise,46645.83,Net 30
503259,2025-03-07,2025-03-10,2025-04-13,SME,2090.34,Net 30
500179,2024-06-19,2024-06-26,2024-07-25,Enterprise,103349.22,Net 30
502458,2024-04-06,2024-04-22,2024-07-05,Government,104743.14,Net 60
502250,2024-07-12,2024-07-13,2024-08-14,SME,14271.66,Net 30
503211,2025-07-02,2025-07-03,2025-09-13,Government,264687.62,Net 60
502399,2025-09-09,2025-09-13,2025-10-28,Enterprise,-7311.91,Net 30
502095,2024-08-07,2024-08-10,2024-09-16,Enterprise,101633.44,Net 30
502055,2024-07-07,2024-07-09,2024-07-27,SME,17330.0,Net 30
500751,2025-09-18,2025-09-28,,Government,149112.35,NET 60
500990,2024-07-26,2024-07-26,2024-08-15,SME,8861.38,Net 30
502944,2025-06-11,2025-06-15,2025-07-27,Enterprise,28822.15,Net 30
502981,2024-07-15,2024-07-17,2024-08-17,SME,4034.02,Net 30
502519,2024-02-29,2024-03-02,2024-04-13,SME,5588.11,Net 30
501157,2025-09-21,2025-09-25,2025-10-19,Enterprise,57543.54,Net 30
501691,2025-06-23,2025-06-23,2025-07-10,SME,3975.72,Net 30
500684,2025-08-20,2025-08-22,2025-09-17,SME,12646.93,Net 30
503876,2024-06-12,2024-06-15,2024-07-14,SME,8364.71,Net 30
503040,2024-07-16,2024-07-21,2024-08-17,Enterprise,-11565.3,Net 30
501043,2024-01-22,2024-01-24,2024-03-01,SME,9313.15,Net 30
501438,2025-06-17,2025-06-18,2025-07-22,SME,17473.03,Net 30
502011,2025-10-19,2025-10-25,,Enterprise,94016.65,Net 30
502742,2024-10-04,2024-10-06,2024-11-19,SME,2240.91,Net 30
502529,2024-07-26,2024-08-06,2024-10-14,Government,50123.24,Net 60
503772,2024-09-13,2024-09-16,2024-10-18,Enterprise,18836.53,Net 30
501287,2025-02-02,2025-02-16,2025-04-28,Government,252823.51,Net 60
501089,2025-08-17,2025-08-23,2025-09-27,Enterprise,-20330.04,Net 30
500366,2024-08-21,2024-08-25,2024-09-17,SME,15024.48,Net30
501003,2024-10-03,2024-10-04,2024-10-21,Enterprise,26494.57,Net 30
501572,2025-02-16,2025-03-03,2025-05-26,Government,112437.6,Net60
503463,2024-03-07,2024-03-11,2024-04-05,SME,13106.0,NET 30
501468,2024-09-09,2024-09-10,2024-10-01,SME,14327.61,Net 30
500858,2024-10-27,2024-10-29,2024-11-21,SME,16126.18,Net 30
500980,2024-04-06,2024-04-08,2024-04-28,SME,16503.93,Net 30
500107,2025-07-27,2025-07-29,2025-08-23,SME,12113.3,Net30
501917,2024-11-19,2024-11-21,2024-12-09,Enterprise,82896.58,Net 30
502184,2025-04-23,2025-04-24,2025-06-06,SME,3676.05,Net 30
500011,2025-07-09,2025-07-10,2025-07-27,SME,15898.4,Net 30
502384,2024-04-13,2024-04-16,2024-05-13,SME,13972.33,Net 30
501172,2025-02-17,2025-02-18,2025-03-26,SME,11307.8,Net 30
502197,2025-05-19,2025-05-21,2025-05-29,SME,2505.45,Net 30
500215,2025-07-20,2025-07-24,2025-08-18,SME,5801.61,Net 30
500591,2025-01-30,2025-02-17,2025-04-06,Government,200656.25,Net 60
500588,2025-05-21,2025-05-21,2025-06-21,SME,6010.7,Net 30
503948,2024-08-12,2024-08-16,2024-09-24,Enterprise,71832.75,Net 30
500999,2024-06-14,2024-06-24,2024-09-20,Government,217168.49,Net 60
500411,2024-01-08,2024-01-10,2024-02-02,SME,17572.13,Net 30
500912,2025-08-08,2025-08-11,2025-09-11,Enterprise,116592.61,Net 30
502357,2024-07-22,2024-07-23,2024-08-15,SME,5298.73,Net 30
501774,2024-01-26,2024-01-30,2024-03-04,Enterprise,58045.31,Net 30
501200,2024-01-01,2024-01-04,2024-03-16,Government,219449.29,Net 60
503154,2025-06-06,2025-06-07,2025-07-02,Enterprise,57781.81,Net 30
502204,2025-04-16,2025-04-21,2025-05-20,SME,3922.77,Net 30
501527,2024-02-26,2024-02-27,2024-03-30,SME,2433.75,Net 30
502816,2025-04-13,2025-04-13,2025-05-14,Enterprise,99202.27,net 30
500427,2025-01-31,2025-02-01,2025-03-10,SME,9205.55,net 30
500536,2024-07-09,2024-07-12,2024-08-06,SME,5505.02,Net 30
501767,2025-10-06,2025-10-07,2025-11-20,SME,17670.55,Net 30
501933,2025-09-26,2025-09-29,2025-10-22,SME,14147.83,Net 30
500192,2025-01-17,2025-01-31,2025-03-23,Government,129811.41,Net 60
501560,2025-07-19,2025-07-24,2025-08-09,Enterprise,-23349.09,Net 30
501701,2025-02-03,2025-02-17,2025-05-08,Government,233538.19,Net 60
500475,2025-08-07,2025-08-10,2025-09-10,Enterprise,26282.12,Net 30
504014,2024-04-03,2024-04-05,2024-04-21,SME,6630.99,Net30
503127,2024-10-25,2024-10-27,2024-11-23,Enterprise,-27865.98,Net 30
501481,2025-06-11,2025-06-15,2025-07-18,Enterprise,55409.81,Net 30
503960,2025-05-28,2025-06-01,2025-07-02,Enterprise,80635.22,Net 30
503573,2024-08-28,2024-08-31,2024-09-24,SME,7420.23,Net 30
502190,2025-09-17,2025-09-21,2025-10-16,SME,14335.3,Net 30
503336,2024-11-11,2024-11-12,2024-11-26,SME,17859.45,Net 30
500272,2024-04-13,2024-04-18,2024-05-27,Enterprise,24373.78,Net 30
502464,2025-10-19,2025-10-23,2025-11-21,Enterprise,78303.14,Net 30
500344,2025-05-09,2025-05-11,2025-06-13,SME,15864.64,Net 30
500228,2024-02-23,2024-02-27,2024-03-21,Enterprise,31491.18,Net 30
503862,2024-02-05,2024-02-07,2024-03-07,SME,2800.12,Net30
501770,2024-09-21,2024-09-22,2024-10-08,SME,8691.5,Net 30
501330,2025-10-02,2025-10-05,2025-10-28,SME,11441.2,Net 30
503235,2024-12-09,2024-12-13,2024-12-22,SME,6534.19,Net 30
502576,2024-09-13,2024-09-14,2024-10-06,SME,2657.05,net 30
502961,2025-10-15,2025-10-17,2025-11-07,SME,8720.26,Net 30
502986,2024-02-10,2024-02-12,2024-04-05,Enterprise,19272.88,Net 30
502267,2024-12-19,2024-12-24,2025-01-20,Enterprise,31737.14,Net 30
501258,2025-04-27,2025-04-28,2025-05-27,SME,11244.81,Net 30
501879,2025-08-14,2025-08-22,2025-09-30,Enterprise,20627.41,Net 30
501475,2025-03-09,2025-03-12,2025-04-17,Enterprise,47707.16,Net 30
503382,2024-04-08,2024-04-10,2024-05-22,SME,15332.1,Net 30
503088,2025-05-16,2025-05-22,2025-06-09,Enterprise,79212.06,Net 30
501281,2025-09-29,2025-09-30,2025-10-16,SME,15734.05,Net 30
500925,2024-10-02,2024-10-11,2025-01-06,Government,187006.26,net 60
503838,2025-07-29,2025-07-30,2025-08-29,SME,8438.91,Net 30
502830,2024-11-26,2024-11-27,2024-12-10,SME,10967.01,net 30
501819,2025-09-27,2025-09-29,2025-10-19,SME,1575.39,Net 30
501659,2024-10-28,2024-11-01,2024-12-08,SME,8600.45,Net 30
501044,2024-05-13,2024-05-13,2024-06-01,SME,1999.33,Net 30
501264,2024-01-05,2024-01-19,2024-03-29,Government,151786.33,Net 60
502946,2024-01-12,2024-01-16,2024-02-15,SME,9940.54,net 30
502492,2025-01-25,2025-02-02,2025-03-01,Enterprise,50023.48,Net 30
503014,2025-05-27,2025-06-03,2025-06-28,Enterprise,55920.1,Net 30
503016,2025-05-14,2025-05-27,2025-08-08,Government,294814.65,Net 60
501217,2024-07-23,2024-07-26,2024-08-25,SME,2235.8,Net 30
501959,2024-02-17,2024-02-19,2024-03-25,Enterprise,46484.42,Net 30
502706,2024-11-26,2024-11-27,2024-12-19,SME,2589.25,NET 30
500595,2025-04-28,2025-05-01,2025-05-30,Enterprise,100658.32,Net 30
500313,2024-03-03,2024-03-05,2024-04-09,SME,3234.57,Net 30
501145,2025-03-18,2025-03-22,2025-04-29,Enterprise,79699.41,Net 30
502345,2024-08-19,2024-08-21,2024-09-22,Enterprise,74524.96,Net 30
503922,2024-08-09,2024-08-14,2024-09-22,Enterprise,21811.34,Net 30
501336,2024-10-15,2024-10-18,2024-10-29,SME,6800.04,Net 30
504086,2024-04-01,2024-04-04,2024-05-03,SME,12436.01,Net 30
501515,2024-02-17,2024-02-20,2024-03-29,SME,4965.91,Net 30
503982,2024-10-06,2024-10-08,2024-11-05,SME,11781.52,Net 30
501731,2025-01-20,2025-01-25,2025-02-24,SME,15977.13,NET 30
500296,2025-05-30,2025-06-04,2025-07-27,Enterprise,97543.11,Net 30
500763,2024-10-16,2024-10-20,2024-12-13,Enterprise,84450.0,Net 30
500541,2025-10-17,2025-10-17,2025-11-09,Enterprise,67966.86,Net 30
503770,2024-01-25,2024-01-27,2024-02-23,SME,17358.46,Net 30
504128,2024-12-05,2024-12-06,2025-01-05,SME,9048.35,Net 30
501451,2025-03-30,2025-04-04,2025-06-15,Government,-37086.97,net 60
500430,2024-08-22,2024-08-30,2024-11-23,Government,252239.85,Net 60
502125,2025-02-04,2025-02-07,2025-03-06,Enterprise,108337.87,Net 30
502394,2025-04-14,2025-04-16,2025-05-18,SME,13113.38,Net 30
503055,2024-10-18,2024-10-19,2024-11-20,SME,7760.94,NET 30
503297,2025-09-01,2025-09-04,2025-09-22,SME,14535.6,Net 30
503687,2024-11-27,2024-11-29,2024-12-31,SME,17803.19,Net30
503916,2025-10-15,2025-10-28,,Government,170199.82,Net60
504155,2025-02-12,2025-02-14,2025-03-03,SME,7198.92,Net 30
501920,2025-06-16,2025-06-18,2025-07-10,Enterprise,40193.82,Net 30
500213,2024-07-31,2024-08-06,2024-09-20,Enterprise,81142.65,Net 30
501099,2025-09-02,2025-09-08,2025-10-06,SME,9316.17,Net 30
501629,2025-05-19,2025-05-20,2025-06-14,SME,14140.41,Net 30
503361,2025-02-14,2025-02-19,2025-03-22,Enterprise,105134.32,net 30
500551,2024-10-24,2024-10-26,2024-12-03,SME,4640.16,NET 30
504091,2024-12-05,2024-12-10,2025-02-21,Government,158581.18,Net 60
502569,2025-05-21,2025-05-22,2025-06-16,SME,12233.2,Net 30
503698,2024-02-08,2024-02-11,2024-03-12,SME,1951.97,Net 30
503399,2024-10-13,2024-10-18,2024-11-05,Enterprise,-9761.31,Net30
503997,2025-06-22,2025-06-22,2025-06-23,SME,4660.86,Net 30
501313,2025-03-01,2025-03-18,2025-05-22,Government,-17675.94,Net 60
503568,2025-04-18,2025-04-20,2025-05-20,SME,11173.51,Net 30
500041,2024-04-27,2024-04-30,2024-06-05,SME,4898.47,Net 30
501765,2024-05-16,2024-05-19,2024-06-28,Enterprise,52427.22,Net 30
500828,2024-01-24,2024-01-27,2024-02-10,SME,12491.32,Net 30
502562,2025-03-29,2025-03-30,2025-04-17,SME,2277.77,NET 30
503992,2024-09-13,2024-09-18,2024-10-18,Enterprise,98188.68,Net 30
500770,2025-02-06,2025-02-09,2025-03-01,SME,5566.34,Net 30
501267,2024-03-10,2024-03-13,2024-04-05,SME,11632.96,Net 30
503602,2024-01-25,2024-01-30,2024-03-07,Enterprise,63120.0,Net30
502181,2024-07-05,2024-07-12,2024-08-21,Enterprise,95366.01,net 30
501723,2024-02-01,2024-02-03,2024-03-07,SME,16134.25,Net 30
503285,2024-04-18,2024-04-20,2024-05-05,Enterprise,-10665.77,Net 30
500722,2024-02-15,2024-02-17,2024-03-02,SME,12693.24,Net 30
503754,2024-04-13,2024-04-17,2024-05-16,Enterprise,15812.87,Net 30
501332,2025-02-18,2025-02-20,2025-03-22,SME,17841.6,Net 30
502019,2025-03-01,2025-03-06,2025-04-16,Enterprise,108650.66,Net 30
504046,2025-02-09,2025-02-11,2025-03-21,Enterprise,112713.56,Net 30
503674,2025-06-28,2025-06-29,2025-08-03,SME,2737.24,Net 30
501931,2024-06-14,2024-06-16,2024-07-22,SME,10139.39,Net 30
500533,2025-06-08,2025-06-09,2025-06-29,SME,12149.72,Net 30
503794,2025-10-17,2025-10-18,2025-11-09,SME,3176.47,Net 30
502943,2024-10-22,2024-10-25,2024-11-19,SME,9313.13,Net 30
500971,2025-09-17,2025-09-19,2025-10-18,SME,9381.45,Net 30
503372,2024-09-19,2024-09-24,2024-10-25,SME,11246.69,Net 30
500699,2025-05-21,2025-05-23,2025-06-26,Enterprise,37823.58,Net 30
503086,2025-01-14,2025-01-15,2025-02-08,SME,14660.43,Net 30
500937,2024-07-13,2024-07-18,2024-08-25,Enterprise,76121.58,Net 30
504132,2024-11-13,2024-11-17,2024-12-27,Enterprise,105000.63,Net 30
502386,2025-03-25,2025-03-28,2025-05-21,Enterprise,35340.58,Net 30
503580,2024-02-15,2024-02-16,2024-03-09,SME,10142.23,Net 30
502288,2024-05-22,2024-05-22,2024-06-10,SME,14397.61,NET 30
501993,2025-02-03,2025-02-06,2025-04-29,Government,259825.33,Net 60
503863,2024-08-18,2024-08-21,2024-09-13,Enterprise,112447.17,Net 30
501417,2024-03-31,2024-04-02,2024-05-04,Enterprise,36646.82,Net 30
501205,2024-02-08,2024-02-11,2024-03-11,SME,12491.48,net 30
500698,2025-07-13,2025-07-17,2025-08-16,SME,3178.46,Net 30
500387,2024-10-07,2024-10-11,2024-12-06,Enterprise,119833.88,Net 30
502557,2024-12-08,2024-12-12,2025-01-21,SME,9023.56,Net 30
502901,2024-04-27,2024-04-30,2024-06-09,Enterprise,118586.83,Net 30
501875,2025-05-29,2025-05-29,2025-06-07,Enterprise,62080.08,Net 30
504078,2024-09-30,2024-10-02,2024-11-04,SME,13767.85,Net 30
501292,2024-01-19,2024-01-22,2024-02-13,Enterprise,79265.33,Net 30
503660,2024-12-14,2024-12-16,2025-01-07,Enterprise,72544.57,Net 30
502431,2025-07-20,2025-07-21,2025-08-13,SME,17657.21,Net 30
503030,2025-05-29,2025-06-10,2025-08-17,Government,160604.47,Net 60
503984,2025-02-15,2025-02-16,2025-03-21,SME,-1845.54,Net 30
500445,2025-03-14,2025-03-17,2025-04-06,SME,3772.55,Net 30
500665,2024-05-07,2024-05-17,2024-07-08,Government,233003.35,Net 60
501239,2024-05-14,2024-05-15,2024-06-12,SME,10701.78,Net 30
501758,2025-02-02,2025-02-05,2025-02-25,SME,17979.94,Net 30
501979,2024-06-02,2024-06-06,2024-07-10,Enterprise,88111.95,NET 30
503808,2024-07-25,2024-07-25,2024-08-27,SME,6429.96,Net 30
504018,2025-08-24,2025-08-26,2025-09-14,SME,6602.55,Net 30
500864,2024-10-27,2024-11-02,2024-12-20,Enterprise,33288.61,net 30
502409,2024-12-20,2024-12-22,2025-01-23,SME,14464.26,Net 30
501818,2024-05-08,2024-05-12,2024-06-08,SME,5693.42,Net 30
504030,2025-07-06,2025-07-09,2025-08-05,SME,9143.47,Net 30
503780,2025-01-10,2025-01-11,2025-02-14,Enterprise,91839.96,Net 30
502119,2024-07-23,2024-07-25,2024-08-27,SME,10961.79,Net 30
500059,2025-09-21,2025-09-25,2025-10-26,Enterprise,72560.61,Net 30
502507,2025-01-20,2025-01-21,2025-02-13,SME,8483.1,Net 30
500219,2024-07-24,2024-07-26,2024-08-09,SME,17710.09,Net 30
502163,2025-04-11,2025-04-16,2025-05-17,Enterprise,67949.5,Net 30
504158,2024-10-08,2024-10-14,2024-11-22,Enterprise,79237.67,Net 30
501148,2025-05-09,2025-05-11,2025-06-05,Enterprise,87105.76,Net 30
502131,2025-10-26,2025-10-29,,Enterprise,23415.88,Net 30
501536,2024-08-03,2024-08-07,2024-09-08,SME,10512.35,Net 30
503022,2025-07-26,2025-07-31,2025-08-26,Enterprise,70336.31,Net 30
500300,2025-06-28,2025-07-04,2025-08-18,Enterprise,51087.52,NET 30
500756,2024-08-07,2024-08-07,2024-09-08,SME,14676.92,Net 30
500241,2025-03-10,2025-03-17,2025-04-11,Enterprise,31196.6,Net 30
501042,2025-01-11,2025-01-12,2025-03-10,Enterprise,110422.45,net 30
502818,2025-10-16,2025-10-21,2025-11-14,SME,12543.2,Net 30
501664,2024-04-09,2024-04-26,2024-07-23,Government,196392.49,Net 60
502551,2024-03-30,2024-03-31,2024-04-22,SME,6157.52,Net 30
503906,2024-12-12,2024-12-18,2025-01-09,Enterprise,18203.93,Net 30
503056,2024-04-07,2024-04-10,2024-05-01,Enterprise,44795.62,Net 30
501700,2025-08-19,2025-08-23,2025-09-16,SME,9129.12,Net30
501737,2024-09-03,2024-09-06,2024-09-24,SME,15351.11,Net 30
502112,2024-08-29,2024-09-01,2024-09-29,SME,16577.26,Net 30
501231,2024-08-13,2024-09-01,2024-11-09,Government,221312.8,Net 60
500199,2025-06-28,2025-07-01,2025-08-04,SME,17426.89,Net 30
502753,2025-10-14,2025-10-17,2025-11-18,SME,6678.01,NET 30
503882,2024-12-12,2024-12-14,2025-01-05,SME,5275.75,NET 30
503943,2024-04-23,2024-04-25,2024-05-15,SME,5293.0,Net 30
502278,2025-07-06,2025-07-12,2025-08-24,Enterprise,45994.41,NET 30
500294,2025-07-13,2025-07-14,2025-07-29,SME,14280.6,Net 30
500455,2024-02-11,2024-02-27,2024-04-15,Government,151744.74,Net60
503201,2025-05-18,2025-05-20,2025-06-25,SME,2290.19,Net 30
501669,2024-03-09,2024-03-12,2024-04-01,SME,16959.68,Net 30
500485,2024-05-31,2024-06-02,2024-06-17,SME,6290.22,Net 30
501286,2024-02-12,2024-02-14,2024-03-05,SME,3657.99,Net 30
503874,2025-08-08,2025-08-10,2025-09-03,SME,8183.76,Net 30
502185,2024-04-02,2024-04-04,2024-04-19,SME,11829.7,NET 30
500738,2024-04-06,2024-04-07,2024-05-12,SME,7263.78,Net 30
503826,2024-12-30,2025-01-03,2025-01-18,SME,16898.21,Net 30
500796,2025-09-07,2025-09-08,2025-10-16,SME,-565.83,Net 30
501738,2025-10-18,2025-10-21,2025-11-18,Enterprise,113442.75,Net 30
502048,2025-09-10,2025-09-14,2025-10-16,SME,12585.55,Net 30
503583,2025-07-04,2025-07-17,2025-09-09,Government,303026.06,Net 60
500349,2025-03-11,2025-03-14,2025-04-05,SME,2188.4,Net 30
500649,2024-01-15,2024-01-17,2024-02-06,SME,13883.17,Net 30
500733,2025-06-10,2025-06-12,2025-07-01,SME,5226.3,NET 30
501213,2025-05-09,2025-05-13,2025-06-03,Enterprise,52775.48,NET 30
500718,2024-04-05,2024-04-05,2024-05-01,Enterprise,38532.67,Net 30
501440,2024-11-12,2024-11-14,2024-12-03,SME,12284.61,Net 30
500849,2024-07-15,2024-07-18,2024-08-27,Enterprise,78268.77,Net 30
501672,2025-01-06,2025-01-10,2025-01-30,SME,17248.34,Net 30
501580,2024-11-14,2024-11-18,2025-02-09,Government,151388.86,Net 60
503029,2025-07-13,2025-07-14,2025-08-13,SME,-2410.95,Net 30
500220,2024-12-16,2024-12-19,2025-01-24,SME,13378.86,Net 30
502309,2024-04-05,2024-04-08,2024-05-05,SME,14421.68,Net 30
503466,2024-03-24,2024-03-29,2024-04-29,Enterprise,54713.11,Net 30
502882,2024-06-30,2024-07-07,2024-09-10,Government,138588.93,Net 60
503907,2024-12-26,2024-12-28,2025-01-23,SME,17217.31,Net 30
502590,2024-03-31,2024-04-01,2024-04-22,Enterprise,100534.29,Net 30
500655,2024-02-15,2024-02-20,2024-03-27,Enterprise,-1144.59,Net 30
501649,2025-05-13,2025-05-15,2025-06-14,SME,4097.24,Net 30
503339,2024-09-15,2024-09-17,2024-10-09,SME,17799.13,Net 30
504076,2025-08-15,2025-08-20,2025-09-20,Enterprise,32950.61,net 30
503241,2024-05-28,2024-05-29,2024-06-25,Enterprise,32844.14,Net 30
501038,2024-12-10,2024-12-14,2025-01-14,Enterprise,-9048.94,Net 30
504176,2024-06-28,2024-07-12,2024-09-23,Government,297547.74,Net 60
500629,2025-07-26,2025-07-28,2025-08-25,SME,15502.32,Net 30
503933,2024-05-30,2024-06-02,2024-07-07,SME,6435.41,Net 30
502109,2024-03-05,2024-03-07,2024-04-03,SME,11022.37,Net 30
503680,2024-09-28,2024-10-11,2024-12-16,Government,196849.06,Net 60
503649,2025-03-30,2025-03-30,2025-04-22,SME,11672.53,Net 30
501180,2024-02-23,2024-02-26,2024-03-03,SME,9683.15,Net30
502018,2024-05-19,2024-05-30,2024-07-16,Government,217431.09,Net 60
501661,2025-09-09,2025-09-11,2025-10-07,SME,7476.74,Net 30
501062,2025-02-02,2025-02-03,2025-03-03,SME,4366.99,Net 30
501850,2024-01-10,2024-01-16,2024-02-01,Enterprise,100883.46,Net 30
500961,2024-12-29,2025-01-07,2025-02-20,Government,261791.59,Net 60
501443,2025-10-06,2025-10-09,2025-11-28,Enterprise,32033.02,Net 30
503480,2024-03-19,2024-03-21,2024-04-24,SME,9648.38,Net 30
502561,2024-09-03,2024-09-06,2024-09-24,SME,2400.87,Net 30
502152,2025-02-25,2025-02-28,2025-03-31,SME,-1772.53,Net 30
503054,2025-01-10,2025-01-23,2025-03-20,Government,156074.1,Net 60
502021,2024-06-21,2024-06-25,2024-07-27,SME,2946.62,Net 30
500434,2025-07-19,2025-07-20,2025-08-10,SME,10182.84,Net 30
503635,2024-04-04,2024-04-04,2024-05-22,Enterprise,86638.34,Net 30
504129,2024-10-09,2024-10-12,2024-11-22,Enterprise,118011.49,Net 30
500212,2024-10-20,2024-10-22,2024-12-06,Enterprise,31070.75,Net 30
502792,2025-08-14,2025-08-31,2025-11-30,Government,56547.93,Net 60
500405,2024-06-03,2024-06-07,2024-06-29,Enterprise,43814.02,Net 30
502846,2024-05-17,2024-05-21,2024-06-16,SME,1826.68,NET 30
503007,2024-05-29,2024-06-01,2024-07-16,Enterprise,86243.47,Net 30
501261,2024-05-06,2024-05-10,2024-05-27,SME,3952.96,Net 30
504017,2025-03-17,2025-03-31,2025-06-07,Government,240307.78,Net 60
500569,2025-09-08,2025-09-13,2025-10-03,Enterprise,47939.97,Net 30
501473,2024-09-01,2024-09-08,2024-09-23,Enterprise,119637.07,NET 30
500579,2025-02-05,2025-02-06,2025-03-04,SME,17309.62,Net 30
500820,2025-08-24,2025-08-25,2025-09-22,SME,15549.67,Net 30
502010,2025-05-06,2025-05-16,2025-08-05,Government,138943.88,Net 60
503448,2025-04-08,2025-04-11,2025-05-10,SME,5952.62,Net 30
504011,2025-07-19,2025-07-20,2025-08-15,SME,10176.58,Net 30
501130,2024-03-19,2024-03-23,2024-04-26,SME,11237.23,Net 30
503895,2024-05-04,2024-05-06,2024-05-28,Enterprise,62757.94,Net 30
500611,2024-08-29,2024-08-30,2024-10-06,SME,17237.94,Net30
500663,2024-04-20,2024-04-25,2024-06-06,Enterprise,68082.43,Net 30
502300,2025-06-14,2025-06-19,2025-07-13,Enterprise,16882.45,Net 30
501447,2025-03-03,2025-03-07,2025-03-10,Enterprise,78948.23,Net 30
504192,2025-08-21,2025-08-28,2025-09-27,Enterprise,81991.74,Net 30
500256,2025-02-13,2025-02-19,2025-04-05,Enterprise,42675.62,Net 30
502550,2025-06-11,2025-06-13,2025-07-08,Enterprise,83047.99,Net 30
501171,2024-10-28,2024-11-02,2024-11-24,Enterprise,31824.44,Net 30
501654,2024-08-02,2024-08-07,2024-09-01,Enterprise,44172.51,Net 30
503500,2025-02-21,2025-02-24,2025-03-27,SME,6569.05,Net 30
501942,2024-04-21,2024-04-24,2024-05-13,SME,5888.12,Net 30
500868,2025-08-06,2025-08-10,2025-09-25,Enterprise,119812.91,Net 30
500101,2024-11-12,2024-11-12,2024-12-13,SME,13800.43,Net 30
500882,2025-01-21,2025-01-23,2025-02-24,SME,3706.03,Net 30
502716,2024-10-08,2024-10-24,2024-12-10,Government,202525.0,Net 60
503460,2025-09-28,2025-10-01,2025-11-06,SME,17482.81,Net 30
503175,2025-04-06,2025-04-09,2025-05-04,Enterprise,99517.54,Net 30
503065,2024-09-21,2024-09-23,2024-10-29,SME,5403.95,Net 30
503023,2025-09-03,2025-09-07,2025-10-07,SME,1876.32,Net 30
500883,2025-04-20,2025-04-26,2025-05-29,Enterprise,51221.05,Net 30
500636,2025-03-13,2025-03-22,2025-05-18,Government,214716.11,NET 60
504133,2025-04-01,2025-04-06,2025-05-11,Enterprise,99197.33,Net 30
501678,2024-11-12,2024-11-18,2024-12-16,Enterprise,22861.7,net 30
503293,2025-07-24,2025-07-30,2025-09-07,Enterprise,106999.13,Net 30
502867,2025-07-06,2025-07-10,2025-08-30,Enterprise,95129.41,Net 30
500538,2024-04-24,2024-05-10,2024-07-24,Government,181452.59,Net 60
502043,2024-11-03,2024-11-07,2024-12-22,SME,5558.42,Net 30
501018,2025-09-26,2025-09-27,2025-11-04,Enterprise,30546.36,Net 30
503508,2025-07-31,2025-08-04,2025-08-19,Enterprise,15122.82,Net 30
502051,2024-04-09,2024-04-11,2024-04-28,SME,12595.1,Net 30
500791,2025-10-29,2025-11-10,,Government,212491.1,Net 60
503519,2025-01-24,2025-02-02,2025-03-19,Enterprise,26317.33,Net 30
500812,2025-04-05,2025-04-11,2025-05-18,Enterprise,56791.39,Net 30
500829,2024-07-30,2024-07-31,2024-08-29,SME,11363.26,Net 30
500271,2025-07-01,2025-07-05,2025-07-14,Enterprise,105191.31,net 30
500121,2025-05-31,2025-06-04,2025-06-30,SME,10721.57,Net 30
502793,2025-07-11,2025-07-15,2025-08-26,Enterprise,39923.94,Net 30
503667,2025-05-06,2025-05-08,2025-06-02,SME,11114.35,net 30
503800,2025-08-03,2025-08-06,2025-09-05,SME,12132.35,Net 30
500391,2024-07-17,2024-07-18,2024-08-23,SME,11175.64,net 30
501008,2025-02-16,2025-02-20,2025-04-13,SME,4132.65,Net 30
502741,2024-09-06,2024-09-26,2024-12-03,Government,316255.04,NET 60
501831,2025-02-01,2025-02-04,2025-02-25,Enterprise,19828.02,Net 30
501937,2024-11-03,2024-11-06,2024-12-06,SME,1911.67,NET 30
503251,2025-09-04,2025-09-10,2025-10-11,Enterprise,101078.67,Net 30
500488,2024-07-09,2024-07-11,2024-08-03,Enterprise,85707.51,Net 30
500669,2024-03-26,2024-03-29,2024-05-03,Enterprise,75642.64,Net 30
500046,2025-08-25,2025-08-28,2025-09-24,SME,17114.15,Net 30
502058,2025-08-22,2025-08-28,2025-10-07,Enterprise,100624.19,Net 30
500737,2025-03-13,2025-03-15,2025-04-03,SME,12204.57,Net 30
500229,2024-05-07,2024-05-13,2024-06-08,Enterprise,60476.11,Net 30
503567,2025-03-28,2025-04-01,2025-05-05,SME,13605.55,Net 30
500839,2025-05-17,2025-05-21,2025-06-17,SME,4988.19,Net 30
503787,2025-06-30,2025-06-30,2025-08-04,Enterprise,-4317.67,net 30
502220,2024-02-01,2024-02-04,2024-02-16,SME,16707.13,Net 30
502651,2024-10-16,2024-10-23,2024-11-17,Enterprise,85137.95,Net 30
503429,2025-07-11,2025-07-13,2025-08-03,SME,8930.47,Net30
503378,2024-01-25,2024-01-26,2024-02-27,SME,14722.05,Net 30
500354,2024-11-18,2024-11-28,2025-02-07,Government,98865.46,Net 60
502023,2024-02-10,2024-02-12,2024-03-03,Enterprise,101286.75,Net 30
502921,2024-06-22,2024-06-22,2024-07-28,Enterprise,19702.49,Net 30
501142,2024-06-24,2024-06-26,2024-07-29,Enterprise,63818.47,Net 30
502162,2024-03-09,2024-03-12,2024-04-16,SME,7478.53,Net 30
504152,2025-02-17,2025-02-17,2025-04-04,SME,-596.99,Net 30
504122,2025-04-02,2025-04-03,2025-04-28,SME,15914.26,Net 30
500336,2024-05-11,2024-05-17,2024-07-04,Enterprise,115130.44,Net 30
503349,2025-10-18,2025-10-20,2025-11-09,SME,4145.7,net 30
500465,2025-10-21,2025-10-23,2025-11-29,SME,9961.39,Net 30
501730,2024-10-01,2024-10-14,2025-01-13,Government,34106.32,Net 60
502269,2024-01-15,2024-01-17,2024-02-04,SME,8792.7,Net 30
502098,2025-03-08,2025-03-10,2025-04-10,SME,3855.98,Net 30
504142,2024-03-29,2024-04-03,2024-04-20,Enterprise,102167.91,Net 30
503769,2024-01-26,2024-01-29,2024-02-28,SME,7009.89,Net 30
502614,2025-06-15,2025-06-29,2025-08-28,Government,47022.75,Net 60
504097,2025-02-11,2025-03-07,2025-05-31,Government,136690.78,Net 60
502138,2025-03-09,2025-03-10,2025-04-02,SME,14931.23,Net 30
502104,2024-07-01,2024-07-01,2024-08-04,SME,13089.36,Net 30
502351,2024-10-19,2024-10-31,2025-01-12,Government,307955.66,Net60
500438,2025-07-06,2025-07-07,2025-08-22,SME,8719.57,Net 30
502243,2025-02-15,2025-02-17,2025-04-01,Enterprise,37278.14,Net 30
502346,2024-10-18,2024-10-20,2024-11-12,SME,8266.69,Net 30
502573,2025-10-05,2025-10-09,2025-10-27,SME,5961.05,Net 30
503849,2025-03-23,2025-03-25,2025-04-28,SME,17354.85,Net 30
500449,2024-09-26,2024-09-28,2024-11-07,Enterprise,58625.59,Net 30
500148,2025-03-21,2025-03-26,2025-04-20,Enterprise,103269.78,Net 30
500757,2025-07-08,2025-07-08,2025-07-26,SME,17680.31,Net 30
503437,2025-02-18,2025-02-20,2025-03-12,SME,7968.96,Net 30
501307,2024-12-20,2024-12-23,2025-01-31,SME,7328.68,Net 30
502836,2025-08-08,2025-08-11,2025-09-23,Enterprise,74911.99,Net 30
503879,2024-11-20,2024-11-24,2024-12-25,Enterprise,94492.97,Net 30
503650,2024-12-01,2024-12-13,2025-01-21,Government,289432.72,Net 60
502592,2025-05-30,2025-06-03,2025-06-13,Enterprise,40841.04,Net 30
500745,2025-03-27,2025-03-29,2025-04-23,SME,1543.42,Net 30
502217,2025-07-05,2025-07-08,2025-07-18,SME,17070.1,Net 30
504157,2025-01-25,2025-01-29,2025-02-28,SME,14306.62,Net 30
503711,2024-09-22,2024-09-24,2024-10-29,SME,5586.78,Net 30
501530,2024-12-11,2024-12-20,2025-02-27,Government,215871.48,Net 60
502483,2024-05-09,2024-05-13,2024-07-08,Enterprise,107064.16,Net 30
503741,2025-09-06,2025-09-17,2025-11-24,Government,243578.82,Net 60
503885,2025-04-02,2025-04-15,2025-06-19,Government,52249.11,Net 60
500069,2025-01-17,2025-01-30,2025-04-08,Government,156765.84,Net 60
502606,2024-06-09,2024-06-12,2024-07-28,Enterprise,81380.2,net 30
503080,2024-03-14,2024-03-14,2024-04-09,SME,8563.21,Net 30
500115,2024-07-30,2024-07-31,2024-08-14,SME,10804.82,Net 30
500446,2024-09-16,2024-09-19,2024-11-12,Enterprise,88365.95,NET 30
501663,2025-04-09,2025-04-13,2025-05-21,Enterprise,48819.5,Net 30
504058,2024-04-10,2024-04-21,2024-06-22,Government,309666.79,Net 60
502696,2024-06-30,2024-07-04,2024-08-14,Enterprise,60802.27,Net 30
502293,2025-06-10,2025-06-15,2025-07-19,SME,6790.1,NET 30
502680,2025-02-11,2025-02-15,2025-03-03,SME,17931.21,Net 30
500376,2024-02-02,2024-02-11,2024-03-10,Enterprise,51957.96,Net 30
503675,2024-08-24,2024-08-27,2024-10-04,SME,17399.84,Net 30
500461,2025-03-25,2025-04-04,2025-06-26,Government,155851.65,Net 60
503000,2025-09-15,2025-09-18,2025-10-03,SME,13580.14,Net 30
500742,2025-02-08,2025-02-12,2025-03-15,Enterprise,72059.69,Net 30
502904,2025-01-06,2025-01-11,2025-02-13,Enterprise,61621.35,Net 30
500931,2024-09-30,2024-10-03,2024-10-25,SME,7980.26,Net 30
501352,2025-03-03,2025-03-15,2025-04-22,Government,136356.64,Net 60
502151,2025-10-27,2025-10-30,2025-12-09,SME,6986.12,Net 30
502647,2024-10-21,2024-11-06,2025-01-08,Government,258219.12,Net 60
500841,2024-04-29,2024-05-02,2024-06-05,Enterprise,46152.43,Net 30
503141,2024-08-22,2024-08-25,2024-10-09,SME,6766.37,Net 30
502768,2025-05-03,2025-05-06,2025-06-01,SME,16960.69,Net 30
503821,2025-08-17,2025-08-20,2025-09-24,Enterprise,35198.41,Net 30
503760,2025-08-21,2025-08-24,2025-09-15,SME,2777.93,Net 30
502903,2025-08-19,2025-08-20,2025-10-06,Enterprise,55508.7,Net 30
501158,2024-11-08,2024-11-14,2024-12-11,Enterprise,61411.28,Net 30
502484,2025-06-27,2025-06-29,2025-07-02,SME,17243.16,Net 30
502853,2025-05-28,2025-06-02,2025-07-06,Enterprise,33359.96,Net 30
502317,2025-09-20,2025-09-23,2025-11-12,Enterprise,88269.63,Net 30
501184,2024-06-23,2024-06-26,2024-07-13,SME,10490.67,Net 30
501367,2024-05-19,2024-05-22,2024-06-21,SME,11976.97,Net 30
502895,2024-03-25,2024-03-25,2024-04-22,SME,7539.13,Net 30
504199,2024-10-14,2024-11-01,2025-01-08,Government,-32402.68,Net 60
503547,2024-04-23,2024-04-30,2024-06-16,Enterprise,117316.32,Net 30
503001,2024-02-10,2024-02-12,2024-03-07,SME,4780.52,Net 30
500004,2025-03-12,2025-03-26,2025-05-23,Government,119241.18,Net 60
503896,2024-01-12,2024-01-15,2024-02-08,Enterprise,91990.1,Net 30
502789,2024-02-14,2024-02-15,2024-03-09,SME,16219.43,Net 30
500597,2024-03-11,2024-03-15,2024-04-23,Enterprise,70318.16,Net 30
502717,2024-08-15,2024-08-19,2024-09-22,Enterprise,119741.67,Net 30
500522,2024-02-11,2024-03-01,2024-04-28,Government,147879.88,Net 60
502167,2025-05-04,2025-05-20,2025-07-29,Government,219849.32,Net 60
503601,2024-06-04,2024-06-06,2024-07-13,Enterprise,95250.65,Net 30
503561,2024-11-21,2024-11-26,2024-12-07,SME,10524.44,Net 30
501137,2025-07-25,2025-07-28,2025-09-06,SME,15979.21,Net30
502949,2024-12-24,2025-01-02,2025-03-05,Government,83303.28,Net 60
500032,2025-03-27,2025-03-30,2025-05-01,SME,2046.03,Net 30
500540,2025-04-13,2025-04-15,2025-05-21,SME,17220.63,Net 30
500902,2025-05-18,2025-05-18,2025-06-24,SME,9296.3,Net30
500410,2024-08-12,2024-08-15,2024-09-01,SME,13060.67,Net 30
500109,2025-09-22,2025-09-23,2025-10-15,SME,5734.32,Net 30
503744,2025-07-26,2025-07-28,2025-08-23,SME,10429.13,Net 30
500901,2024-01-09,2024-01-17,2024-03-03,Enterprise,57929.15,Net 30
500532,2025-02-17,2025-02-17,2025-03-15,Enterprise,31021.79,Net 30
502004,2024-01-11,2024-01-14,2024-01-26,SME,6352.38,Net 30
500873,2025-10-08,2025-10-15,2025-11-12,Enterprise,27056.62,NET 30
500105,2025-09-12,2025-09-20,2025-10-08,Enterprise,98322.54,Net 30
500720,2024-02-09,2024-02-29,2024-05-24,Government,295585.38,Net 60
500092,2024-03-11,2024-03-15,2024-04-11,Enterprise,112627.82,Net 30
503637,2024-12-28,2024-12-31,2025-01-24,Enterprise,93763.63,Net 30
503323,2024-02-27,2024-03-03,2024-04-02,Enterprise,108312.57,net 30
500346,2024-01-27,2024-01-31,2024-02-26,Enterprise,83334.56,Net 30
501554,2025-08-23,2025-08-27,2025-10-31,Government,215199.59,Net 60
502050,2025-09-13,2025-09-14,2025-10-09,SME,15689.9,Net 30
500526,2024-12-01,2024-12-04,2024-12-26,SME,14618.85,Net 30
502919,2024-05-08,2024-05-08,2024-06-06,SME,-847.8,Net 30
503519,2025-01-24,2025-02-02,2025-03-19,Enterprise,26317.33,Net 30
500292,2024-10-19,2024-10-22,2024-11-07,SME,14752.53,Net 30
502289,2025-01-23,2025-01-24,2025-02-11,SME,17861.81,Net 30
500690,2024-03-01,2024-03-04,2024-04-03,Enterprise,55271.54,Net 30
500668,2025-09-05,2025-09-07,2025-09-23,SME,5913.36,Net 30
502528,2024-08-27,2024-08-29,2024-09-13,SME,6329.67,Net 30
503806,2024-12-08,2024-12-23,2025-03-22,Government,205515.68,Net 60
502691,2025-09-10,2025-09-13,2025-10-16,Enterprise,108559.04,Net 30
503809,2024-11-14,2024-11-15,2024-12-04,SME,9340.19,net 30
502917,2025-06-04,2025-06-08,2025-07-12,SME,10322.5,Net 30
501947,2024-11-29,2024-12-01,2024-12-26,SME,13280.86,Net 30
502321,2025-06-21,2025-07-09,2025-08-23,Government,299216.83,Net60
502553,2024-06-09,2024-06-11,2024-07-06,Enterprise,95949.27,Net 30
501638,2025-07-12,2025-07-16,2025-08-17,SME,17033.06,Net 30
500708,2025-08-12,2025-08-13,2025-09-21,Enterprise,57454.91,Net 30
503005,2024-05-27,2024-06-11,2024-07-28,Government,61065.14,Net 60
503590,2024-02-28,2024-03-04,2024-03-21,Enterprise,73895.07,Net 30
501566,2024-11-25,2024-11-29,2024-12-28,SME,4525.56,Net 30
502465,2025-09-20,2025-09-23,2025-10-23,Enterprise,86396.68,Net 30
502866,2025-06-05,2025-06-08,2025-07-03,SME,8861.44,Net 30
501714,2024-06-04,2024-06-06,2024-07-15,SME,16743.87,Net 30
503289,2024-12-18,2024-12-19,2025-01-17,SME,14036.16,Net 30
503689,2025-04-04,2025-04-11,2025-06-25,Government,207561.89,Net 60
502363,2025-04-11,2025-04-13,2025-05-10,SME,10865.33,Net 30
501474,2025-05-07,2025-05-19,2025-07-23,Government,100207.87,Net 60
500518,2024-01-30,2024-02-03,2024-03-06,Enterprise,90080.34,net 30
503192,2024-09-28,2024-10-01,2024-10-24,SME,15955.7,Net 30
501890,2025-10-13,2025-10-16,2025-11-08,SME,6323.29,Net 30
504169,2025-05-13,2025-06-01,2025-09-01,Government,280801.81,Net 60
504184,2024-05-29,2024-06-09,2024-08-17,Government,223312.78,Net 60
502370,2024-12-31,2025-01-05,2025-01-27,Enterprise,89525.65,Net 30
501013,2024-07-26,2024-07-29,2024-09-08,Enterprise,68134.09,net 30
501734,2025-07-23,2025-07-27,2025-09-14,Enterprise,108623.58,Net 30
500867,2024-01-04,2024-01-06,2024-02-13,Enterprise,15550.38,Net 30
501540,2024-03-25,2024-03-25,2024-04-22,SME,-1031.4,Net 30
500715,2024-07-05,2024-07-05,2024-07-30,SME,15454.8,Net 30
500616,2025-08-31,2025-09-02,2025-09-25,SME,12830.09,Net 30
501490,2024-11-28,2024-12-06,2025-01-28,Government,146003.94,Net 60
504139,2024-12-07,2024-12-08,2024-12-27,SME,16871.4,Net30
503243,2024-10-02,2024-10-02,2024-10-25,SME,16817.05,Net 30
502292,2025-09-28,2025-10-02,2025-11-10,SME,15405.7,Net 30
502811,2024-10-19,2024-10-21,2024-11-05,SME,8349.57,Net30
503805,2024-03-30,2024-04-03,2024-05-20,Enterprise,30282.22,Net 30
504021,2024-05-31,2024-06-03,2024-07-05,SME,4694.09,net 30
504112,2025-05-12,2025-05-12,2025-06-08,SME,17133.44,net 30
500671,2025-03-12,2025-03-16,2025-03-24,Enterprise,22500.1,Net 30
500993,2024-12-07,2024-12-09,2024-12-17,SME,17045.83,Net 30
500954,2025-05-02,2025-05-08,2025-06-26,Enterprise,92491.5,net 30
501280,2024-12-10,2024-12-13,2024-12-27,SME,4025.83,Net30
500409,2024-08-03,2024-08-06,2024-09-09,Enterprise,33314.22,Net 30
501740,2025-10-07,2025-10-09,2025-11-07,SME,9421.63,Net 30
502971,2025-06-20,2025-07-06,2025-09-07,Government,255617.89,Net 60
504059,2025-05-25,2025-05-26,2025-06-29,SME,8522.23,Net 30
503377,2024-05-18,2024-06-02,2024-08-19,Government,281440.18,Net 60
503027,2024-05-10,2024-05-13,2024-05-24,Enterprise,85485.64,net 30
502951,2024-12-25,2024-12-27,2025-01-29,SME,5196.8,Net 30
502925,2025-10-14,2025-10-16,2025-11-17,Enterprise,54968.87,Net 30
501153,2025-09-27,2025-09-28,2025-10-30,SME,4221.82,Net 30
501990,2024-03-10,2024-03-10,2024-04-08,SME,12782.31,Net 30
503034,2024-07-09,2024-07-26,2024-09-08,Government,215814.52,net 60
500128,2024-12-16,2024-12-18,2025-01-01,SME,10055.69,Net 30
503373,2025-03-03,2025-03-03,2025-04-06,Enterprise,116029.47,Net 30
501354,2024-03-11,2024-03-14,2024-04-09,SME,-1614.51,Net 30
500928,2024-07-27,2024-07-31,2024-09-19,Enterprise,42234.08,Net 30
502050,2025-09-13,2025-09-14,2025-10-09,SME,15689.9,Net 30
501034,2024-07-09,2024-07-11,2024-07-25,Enterprise,44088.31,Net 30
501418,2024-12-20,2024-12-21,2025-01-17,SME,12350.54,Net 30
501376,2024-02-04,2024-02-16,2024-05-13,Government,274331.86,net 60
502642,2025-10-31,2025-11-02,2025-11-21,SME,16830.01,Net 30
502337,2024-12-15,2024-12-19,2025-01-13,SME,14243.5,Net 30
501568,2025-02-05,2025-02-06,2025-02-26,SME,12478.46,Net 30
503846,2025-10-09,2025-10-10,2025-11-27,SME,9641.14,net 30
500776,2024-03-31,2024-04-05,2024-05-10,Enterprise,34342.79,Net 30
500089,2024-08-29,2024-08-31,2024-10-03,SME,9177.26,Net 30
501513,2024-11-18,2024-12-07,2025-03-03,Government,99705.05,net 60
500593,2024-02-07,2024-02-11,2024-03-09,Enterprise,18627.13,Net30
502967,2024-05-16,2024-05-19,2024-05-28,SME,11059.84,Net 30
501828,2024-11-29,2024-12-01,2025-01-09,SME,12230.43,Net 30
503025,2025-04-17,2025-04-22,2025-05-10,SME,11855.34,Net 30
501841,2024-05-04,2024-05-16,2024-07-10,Government,315918.21,Net 60
501952,2025-06-28,2025-07-01,2025-07-29,Enterprise,58396.09,Net 30
501884,2025-08-02,2025-08-02,2025-09-12,Enterprise,84133.01,Net 30
502057,2024-01-22,2024-01-29,2024-02-28,Enterprise,42631.02,Net 30
501387,2025-10-30,2025-11-01,2025-11-27,SME,8690.24,Net 30
501480,2025-04-22,2025-04-24,2025-05-20,Enterprise,-16911.32,Net 30
500932,2024-09-04,2024-09-10,2024-10-18,Enterprise,50139.7,NET 30
501594,2025-05-08,2025-05-11,2025-06-12,SME,14972.43,Net 30
503923,2025-05-25,2025-06-09,2025-07-26,Government,-39494.3,NET 60
500747,2025-08-05,2025-08-17,2025-11-07,Government,214164.82,Net60
503218,2025-07-28,2025-08-04,2025-09-05,Enterprise,99915.91,Net 30
502572,2024-11-03,2024-11-05,2024-12-07,SME,7699.67,Net 30
502571,2024-07-28,2024-07-29,2024-08-19,SME,14289.83,Net 30
502495,2024-02-16,2024-02-17,2024-03-25,SME,6205.42,Net 30
500528,2025-01-25,2025-01-27,2025-02-14,SME,15265.81,Net 30
503749,2025-04-11,2025-04-12,2025-05-01,SME,5506.45,Net 30
501257,2025-09-29,2025-10-06,2025-10-21,Enterprise,17130.77,Net 30
502265,2025-07-09,2025-07-10,2025-08-12,SME,7773.31,Net 30
501938,2025-09-26,2025-10-16,,Government,40299.17,Net 60
502482,2025-03-08,2025-03-21,2025-06-09,Government,40340.41,Net 60
503823,2025-04-20,2025-04-24,2025-05-24,Enterprise,83230.67,Net 30
501179,2024-03-26,2024-04-01,2024-05-01,Enterprise,89714.83,net 30
502327,2025-08-03,2025-08-04,2025-09-01,SME,4270.16,Net30
502064,2024-09-15,2024-09-19,2024-10-13,SME,14364.38,Net 30
500168,2025-01-16,2025-01-18,2025-02-07,SME,5096.97,net 30
503121,2024-10-25,2024-10-26,2024-11-09,SME,11705.43,Net 30
501078,2025-09-20,2025-09-28,,Government,26817.21,Net 60
500827,2025-01-15,2025-01-16,2025-02-03,SME,2597.24,net 30
503619,2024-06-02,2024-06-07,2024-07-01,Enterprise,104435.64,net 30
501225,2025-07-08,2025-07-12,2025-08-04,SME,3271.92,Net 30
502372,2024-04-06,2024-04-08,2024-05-11,SME,8983.07,Net 30
501965,2025-06-04,2025-06-04,2025-06-20,SME,1816.41,Net 30
501479,2024-04-05,2024-04-09,2024-05-09,Enterprise,28587.67,Net 30
501230,2024-07-09,2024-07-10,2024-07-30,SME,12980.04,Net 30
502476,2024-11-01,2024-11-02,2024-11-30,SME,17659.06,Net 30
500572,2024-05-11,2024-05-15,2024-06-15,Enterprise,21275.43,NET 30
502114,2025-09-10,2025-09-13,2025-10-09,Enterprise,75139.01,net 30
502211,2025-04-12,2025-04-17,2025-05-14,Enterprise,64642.51,Net 30
503820,2025-01-27,2025-02-01,2025-02-20,SME,17509.66,Net 30
501437,2024-08-16,2024-08-24,2024-10-20,Government,31206.64,Net 60
501693,2024-12-15,2024-12-31,2025-03-06,Government,181933.07,Net 60
502071,2024-08-09,2024-08-11,2024-08-29,SME,4304.11,Net 30
502654,2024-08-01,2024-08-04,2024-09-04,SME,9309.93,NET 30
504185,2025-09-12,2025-09-12,2025-10-05,SME,5443.15,Net 30
501037,2025-01-12,2025-01-15,2025-02-08,SME,15218.86,Net 30
502779,2024-07-09,2024-07-11,2024-08-11,SME,8876.76,Net 30
501794,2024-07-09,2024-07-11,2024-08-19,SME,3714.28,Net 30
500251,2025-10-26,2025-10-30,2025-12-04,Enterprise,105705.27,Net 30
502628,2025-09-01,2025-09-02,2025-10-10,SME,6918.94,Net 30
501867,2025-09-13,2025-09-17,2025-10-07,SME,11974.58,Net30
500788,2025-03-03,2025-03-14,2025-05-15,Government,53015.32,Net 60
502695,2025-04-15,2025-04-17,2025-05-22,SME,10937.75,Net 30
502166,2025-07-05,2025-07-08,2025-07-26,SME,1685.7,Net 30
502328,2024-09-27,2024-10-01,2024-10-25,SME,16519.18,Net 30
503354,2024-03-02,2024-03-12,2024-05-10,Government,145185.5,net 60
503781,2025-03-08,2025-03-10,2025-04-12,SME,11136.09,Net 30
503868,2025-10-01,2025-10-05,2025-11-04,Enterprise,88421.66,Net 30
500239,2024-11-27,2024-11-28,2024-12-25,SME,2811.85,Net 30
502791,2025-06-02,2025-06-07,2025-08-01,Enterprise,33781.0,Net 30
500340,2024-11-10,2024-11-14,2024-12-08,Enterprise,15234.9,Net 30
501526,2025-04-21,2025-04-24,2025-05-24,SME,16346.31,Net 30
501358,2025-03-21,2025-04-04,2025-05-24,Government,278780.09,Net 60
500656,2024-09-28,2024-09-29,2024-11-01,SME,17097.34,Net 30
501347,2024-05-22,2024-05-25,2024-07-01,SME,4315.21,Net 30
501716,2025-10-08,2025-10-10,2025-11-05,SME,7872.12,Net 30
502729,2025-08-23,2025-08-29,2025-10-21,Enterprise,25318.71,Net 30
503603,2025-08-28,2025-09-10,2025-11-22,Government,310543.01,Net 60
504171,2025-04-12,2025-04-14,2025-05-15,Enterprise,118807.42,Net 30
501735,2024-09-16,2024-09-18,2024-10-09,SME,15340.86,Net 30
501325,2024-01-01,2024-01-03,2024-01-18,SME,10724.54,Net 30
503420,2025-06-27,2025-06-28,2025-07-13,SME,3367.02,Net 30
502653,2025-07-02,2025-07-02,2025-08-15,Enterprise,31097.18,Net 30
501207,2025-01-07,2025-01-09,2025-02-13,SME,3524.24,Net 30
501894,2024-07-30,2024-08-02,2024-09-24,Enterprise,117685.56,Net 30
503147,2024-11-21,2024-11-29,2025-01-06,Enterprise,101779.66,net 30
500127,2025-08-17,2025-08-24,2025-10-19,Enterprise,42326.0,Net 30
500945,2024-03-20,2024-04-08,2024-06-03,Government,161784.65,Net 60
501910,2025-02-24,2025-03-08,2025-05-17,Government,198788.44,NET 60
500818,2024-08-29,2024-08-30,2024-09-24,SME,9700.81,Net 30
502371,2024-06-15,2024-06-17,2024-06-28,SME,13108.45,Net 30
502455,2024-04-01,2024-04-07,2024-05-17,Enterprise,44437.67,Net 30
502542,2025-07-06,2025-07-10,2025-07-24,SME,16676.65,Net 30
500002,2025-10-29,2025-11-06,2025-11-26,Enterprise,48704.5,Net 30
501891,2025-04-14,2025-04-17,2025-05-25,SME,12713.76,Net 30
502652,2025-09-24,2025-09-26,2025-10-18,SME,4237.23,Net 30
503308,2025-02-28,2025-03-01,2025-04-02,SME,13009.64,Net 30
501084,2024-06-28,2024-06-30,2024-08-07,SME,5885.28,Net 30
500343,2024-03-27,2024-03-30,2024-04-21,SME,5062.44,Net 30
500412,2025-04-03,2025-04-04,2025-04-22,SME,2124.53,Net 30
501356,2024-07-19,2024-07-23,2024-08-23,SME,4840.39,Net 30
500280,2024-05-30,2024-06-01,2024-06-25,SME,17068.86,Net30
502747,2025-03-14,2025-03-17,2025-04-29,Enterprise,41549.17,Net 30
502615,2024-10-02,2024-10-18,2024-12-15,Government,281067.42,Net 60
500469,2024-06-13,2024-06-15,2024-07-02,SME,10847.02,Net 30
502646,2024-11-28,2024-12-02,2025-01-31,Government,196401.61,Net 60
501243,2025-03-02,2025-03-10,2025-04-16,Enterprise,70784.28,Net 30
500877,2024-06-04,2024-06-06,2024-07-06,SME,14461.9,Net 30
500816,2024-06-21,2024-06-23,2024-07-19,SME,11137.85,Net 30
500987,2025-10-10,2025-10-17,2025-12-05,Enterprise,44530.28,NET 30
501461,2024-09-02,2024-09-07,2024-10-10,SME,17346.89,Net 30
500875,2025-03-07,2025-03-09,2025-03-25,SME,8733.61,NET 30
503165,2024-12-16,2024-12-17,2025-01-09,SME,8705.71,Net 30
500933,2024-07-25,2024-08-02,2024-10-28,Government,77667.12,Net 60
500072,2025-03-16,2025-03-19,2025-04-06,SME,2405.65,net 30
500614,2024-11-11,2024-11-16,2024-12-18,Enterprise,54327.0,Net 30
503999,2025-09-27,2025-09-29,2025-11-22,Enterprise,80893.26,net 30
500102,2024-12-06,2024-12-08,2024-12-27,SME,8424.85,Net 30
502207,2024-03-24,2024-03-25,2024-04-14,SME,12445.12,Net30
501926,2024-05-24,2024-05-26,2024-06-30,SME,5488.2,Net 30
501809,2025-08-21,2025-08-23,2025-09-17,SME,17854.92,Net 30
501900,2025-02-02,2025-02-05,2025-02-27,Enterprise,86859.4,Net30
502683,2024-02-20,2024-02-21,2024-03-19,SME,3151.83,Net30
500472,2025-05-02,2025-05-12,2025-07-03,Government,33591.93,Net 60
500997,2024-01-29,2024-02-03,2024-03-06,SME,6927.66,Net 30
503445,2024-09-12,2024-09-13,2024-10-21,Enterprise,54993.84,Net 30
503427,2024-10-01,2024-10-06,2024-10-15,Enterprise,73812.18,Net 30
501753,2024-09-06,2024-09-09,2024-10-03,SME,9361.62,Net 30
503899,2024-10-23,2024-10-29,2024-11-24,Enterprise,15069.76,Net 30
503119,2024-03-24,2024-03-25,2024-04-15,SME,15356.25,NET 30
503386,2025-01-10,2025-01-11,2025-02-10,SME,-1618.16,NET 30
500347,2025-08-18,2025-08-31,2025-10-15,Government,76788.98,Net 60
501621,2025-10-27,2025-10-31,2025-11-26,Enterprise,102489.27,Net 30
502396,2024-10-14,2024-10-29,2025-01-06,Government,282496.05,Net 60
501039,2024-07-25,2024-07-26,2024-08-08,SME,-2613.07,Net 30
501953,2024-02-20,2024-02-25,2024-03-22,SME,3412.72,Net 30
500714,2024-10-08,2024-10-10,2024-11-02,SME,16273.64,Net 30
502958,2025-03-11,2025-03-14,2025-04-29,Enterprise,56529.2,Net 30
503523,2024-07-27,2024-07-29,2024-09-01,SME,13968.97,Net 30
501827,2025-03-17,2025-03-22,2025-04-17,SME,15465.29,Net 30
503062,2024-01-10,2024-01-23,2024-03-17,Government,285341.08,Net 60
501316,2025-03-29,2025-04-02,2025-05-02,Enterprise,113533.84,Net 30
500815,2024-04-15,2024-04-17,2024-05-31,Enterprise,33913.51,Net 30
503436,2024-02-25,2024-03-03,2024-04-20,Enterprise,28917.99,Net 30
503449,2024-02-03,2024-02-04,2024-03-19,SME,15808.55,Net 30
501909,2024-04-21,2024-04-22,2024-05-18,SME,4394.02,Net 30
500077,2025-02-28,2025-03-04,2025-03-28,SME,10752.05,Net 30
500613,2024-09-18,2024-09-20,2024-10-18,SME,-1372.81,NET 30
501717,2024-10-11,2024-10-15,2024-11-20,SME,6637.18,Net 30
501636,2025-05-31,2025-06-07,2025-06-30,Enterprise,31617.68,Net 30
500329,2024-09-22,2024-09-25,2024-10-20,SME,2335.61,Net 30
503493,2024-04-16,2024-04-20,2024-05-23,SME,13027.67,Net 30
503108,2024-12-26,2024-12-28,2025-01-12,SME,13332.5,Net30
500962,2024-10-26,2024-10-29,2024-11-21,SME,13772.82,Net 30
501017,2024-06-24,2024-06-27,2024-07-30,Enterprise,26823.06,Net 30
500840,2024-04-18,2024-04-24,2024-05-23,Enterprise,87634.31,Net 30
503873,2024-09-10,2024-09-16,2024-10-13,Enterprise,49763.87,Net 30
501615,2025-06-30,2025-07-01,2025-07-30,SME,12082.98,Net 30
500691,2024-04-05,2024-04-07,2024-05-09,SME,15904.98,Net 30
502253,2025-03-25,2025-03-28,2025-05-06,Enterprise,104107.86,Net 30
500860,2025-01-13,2025-01-16,2025-02-03,SME,11891.96,Net 30
502950,2024-12-05,2024-12-07,2024-12-28,SME,12073.83,Net 30
502938,2025-04-08,2025-04-11,2025-05-19,Enterprise,118051.68,Net 30
501155,2024-07-14,2024-07-16,2024-08-07,Enterprise,25014.58,Net 30
500355,2024-11-30,2024-12-14,2025-02-16,Government,60959.73,Net 60
500920,2024-02-06,2024-02-12,2024-03-07,Enterprise,69475.85,Net 30
502761,2024-12-26,2025-01-02,2025-02-07,Enterprise,38982.53,Net 30
501168,2024-01-05,2024-01-10,2024-02-09,SME,3211.29,Net 30
500454,2025-02-18,2025-02-20,2025-03-09,SME,6068.5,Net 30
501023,2024-04-15,2024-04-23,2024-06-10,Enterprise,105446.57,Net 30
502241,2025-02-15,2025-02-18,2025-03-30,SME,2698.51,Net 30
503541,2025-08-18,2025-08-21,2025-09-22,SME,11056.78,net 30
500481,2024-09-26,2024-10-01,2024-10-24,Enterprise,60762.99,Net 30
501116,2024-11-11,2024-11-15,2024-12-10,SME,14429.01,Net 30
501369,2024-01-18,2024-01-19,2024-02-12,SME,5504.35,Net 30
503100,2025-02-10,2025-02-13,2025-03-05,SME,10109.91,Net 30
503234,2024-03-11,2024-03-12,2024-04-02,SME,13984.01,Net 30
501457,2024-01-08,2024-01-10,2024-02-11,SME,3558.58,Net 30
502942,2025-06-17,2025-06-19,2025-07-27,SME,6876.31,Net 30
501211,2025-06-25,2025-06-28,2025-08-02,SME,5333.25,Net 30
502757,2024-04-18,2024-04-25,2024-06-04,Enterprise,115479.6,Net 30
503723,2025-02-28,2025-03-10,2025-05-22,Government,52622.0,Net 60
503598,2024-05-01,2024-05-02,2024-06-01,SME,-1229.54,Net 30
503578,2024-08-15,2024-08-17,2024-09-27,Enterprise,25646.88,Net 30
501641,2024-07-24,2024-08-04,2024-10-14,Government,211550.36,Net 60
500394,2024-08-12,2024-08-13,2024-09-06,SME,12252.58,Net 30
503891,2024-06-18,2024-07-05,2024-09-07,Government,149302.74,Net 60
501824,2025-01-05,2025-01-10,2025-02-13,Enterprise,89199.91,Net 30
502315,2024-02-02,2024-02-06,2024-03-08,SME,9370.42,Net 30
502340,2024-07-10,2024-07-16,2024-09-02,Enterprise,95115.12,Net 30
500198,2024-01-05,2024-01-08,2024-02-07,Enterprise,55599.18,Net 30
503790,2024-06-11,2024-06-14,2024-06-30,SME,14295.92,Net 30
502746,2025-10-06,2025-10-21,,Government,142112.98,Net 60
501970,2024-04-06,2024-04-09,2024-04-24,SME,7763.65,Net 30
502076,2024-09-07,2024-09-09,2024-10-02,SME,1964.57,Net 30
504052,2025-08-24,2025-09-08,2025-11-01,Government,242711.82,Net 60
500097,2024-01-20,2024-01-23,2024-02-07,SME,13501.77,Net 30
502016,2025-04-25,2025-04-28,2025-05-28,SME,11803.87,Net 30
504170,2025-04-01,2025-04-04,2025-04-15,SME,12672.32,Net 30
500277,2025-10-05,2025-10-08,2025-11-07,SME,5087.45,Net 30
503177,2024-07-21,2024-07-26,2024-08-30,Enterprise,35305.66,Net 30
503690,2024-08-02,2024-08-05,2024-08-20,Enterprise,84159.98,Net30
502865,2025-10-30,2025-10-31,2025-11-13,SME,9962.5,Net 30
503824,2025-10-03,2025-10-07,2025-11-13,Enterprise,38558.34,NET 30
502282,2025-05-21,2025-05-24,2025-06-18,SME,8386.56,Net 30
502852,2024-01-26,2024-01-29,2024-02-16,SME,4361.97,Net 30
502233,2024-01-11,2024-01-13,2024-02-16,SME,8223.8,Net 30
502201,2024-05-04,2024-05-07,2024-06-02,SME,6711.37,Net 30
502724,2024-05-21,2024-05-23,2024-06-22,Enterprise,19903.56,Net 30
501102,2024-05-10,2024-05-14,2024-06-28,Enterprise,30170.16,Net 30
500836,2024-02-04,2024-02-07,2024-03-08,SME,1971.2,Net30
503159,2025-02-04,2025-02-07,2025-03-06,SME,8377.76,Net 30
500234,2024-07-05,2024-07-06,2024-08-14,SME,6367.79,Net 30
500144,2024-03-24,2024-03-26,2024-05-01,Enterprise,69003.7,Net 30
500441,2024-07-27,2024-07-31,2024-08-21,SME,2932.65,Net 30
503728,2024-01-26,2024-02-09,2024-03-21,Government,311436.4,Net 60
503964,2025-04-19,2025-04-22,2025-05-24,Enterprise,112147.48,Net 30
500039,2025-05-28,2025-06-03,2025-07-02,Enterprise,-3554.66,Net 30
502198,2025-02-19,2025-02-19,2025-04-02,Enterprise,119369.59,Net 30
502307,2025-06-10,2025-06-25,2025-08-22,Government,32457.92,NET 60
500946,2024-08-05,2024-08-07,2024-09-01,SME,4718.18,NET 30
500178,2025-05-21,2025-05-24,2025-06-17,Enterprise,66116.33,Net 30
503993,2025-08-18,2025-08-27,2025-10-23,Government,242985.03,Net 60
503963,2024-10-20,2024-11-10,2025-01-05,Government,290028.18,Net60
501232,2024-03-05,2024-03-06,2024-03-31,SME,2691.83,NET 30
501368,2024-08-03,2024-08-05,2024-09-16,SME,7421.91,Net 30
501498,2025-04-26,2025-04-28,2025-05-23,SME,2393.77,net 30
501466,2024-05-14,2024-05-17,2024-06-16,SME,4001.21,Net 30
500786,2024-07-01,2024-07-03,2024-07-15,SME,4298.05,Net 30
503364,2024-01-29,2024-02-01,2024-02-29,SME,-3811.17,Net 30
501104,2025-03-21,2025-03-23,2025-04-17,SME,15694.72,Net 30
501837,2025-10-05,2025-10-15,,Government,216062.45,Net 60
502421,2025-04-23,2025-04-25,2025-05-15,SME,17036.89,Net 30
500504,2025-04-05,2025-04-06,2025-05-01,SME,-3382.05,Net 30
503035,2024-07-19,2024-07-30,2024-09-24,Government,318447.66,Net 60
501878,2025-03-05,2025-03-07,2025-03-23,SME,16181.46,Net 30
503110,2024-06-09,2024-06-12,2024-07-14,Enterprise,114604.41,NET 30
502347,2024-03-23,2024-03-28,2024-04-25,SME,15208.16,Net 30
501950,2025-05-07,2025-05-15,2025-06-19,Enterprise,112371.26,Net 30
502305,2025-05-29,2025-06-03,2025-06-22,Enterprise,51441.78,Net30
501005,2024-04-18,2024-04-23,2024-05-27,Enterprise,40091.4,Net 30
503160,2024-11-13,2024-11-16,2024-12-18,SME,4519.42,Net 30
501888,2025-06-05,2025-06-07,2025-07-17,SME,9377.55,NET 30
502627,2024-04-12,2024-04-12,2024-05-09,SME,3401.84,Net 30
502555,2024-09-14,2024-09-15,2024-10-12,SME,12951.94,Net 30
503679,2025-03-14,2025-03-16,2025-04-09,SME,15532.41,Net 30
502335,2024-11-05,2024-11-14,2025-01-22,Government,286698.74,NET 60
500908,2025-01-22,2025-01-23,2025-02-26,SME,8619.45,Net 30
504033,2024-04-10,2024-04-10,2024-05-01,SME,13209.0,Net 30
503439,2025-09-16,2025-09-28,2025-12-08,Government,40006.62,Net 60
502140,2024-01-04,2024-01-09,2024-02-18,Enterprise,-9452.37,net 30
502635,2025-09-08,2025-09-11,2025-10-16,SME,13266.51,Net 30
502911,2024-06-20,2024-06-24,2024-07-22,Enterprise,66462.18,Net 30
501889,2024-07-09,2024-07-09,2024-07-22,SME,3441.65,Net30
500003,2025-10-12,2025-10-15,2025-11-15,SME,10050.99,Net 30
501141,2025-05-23,2025-05-26,2025-06-12,Enterprise,30734.0,Net 30
503942,2025-02-28,2025-03-04,2025-03-21,Enterprise,75072.94,NET 30
503832,2025-04-20,2025-04-25,2025-05-25,Enterprise,46005.67,Net 30
504043,2024-07-10,2024-07-15,2024-09-03,Enterprise,19510.71,Net30
502111,2025-03-30,2025-04-02,2025-05-13,Enterprise,44032.53,Net 30
501228,2024-02-29,2024-03-03,2024-03-26,SME,16896.08,Net 30
500014,2024-11-21,2024-11-26,2024-12-21,Enterprise,26084.36,Net 30
501251,2025-06-15,2025-06-17,2025-07-17,SME,12424.53,Net 30
500368,2025-08-03,2025-08-04,2025-09-02,SME,2428.5,Net 30
500323,2025-07-28,2025-07-28,2025-08-23,SME,3446.92,Net 30
502087,2025-02-10,2025-02-26,2025-04-17,Government,108370.71,Net 60
501092,2024-07-04,2024-07-08,2024-08-17,Enterprise,-10214.49,Net 30
500224,2024-11-20,2024-11-23,2024-12-13,SME,13889.46,Net 30
502524,2024-11-24,2024-11-28,2024-12-30,Enterprise,18760.06,net 30
503924,2024-02-02,2024-02-06,2024-03-09,Enterprise,98920.12,net 30
501022,2025-01-11,2025-01-15,2025-02-15,SME,8499.73,Net 30
500825,2025-06-21,2025-06-23,2025-07-20,SME,14617.36,Net 30
502600,2024-02-05,2024-02-07,2024-03-10,SME,6781.18,Net 30
501829,2025-02-18,2025-02-22,2025-03-28,Enterprise,59501.24,Net 30
501869,2024-04-10,2024-04-14,2024-05-11,SME,16371.99,Net 30
500338,2024-10-31,2024-11-02,2024-12-04,SME,10787.07,NET 30
501412,2025-08-03,2025-08-06,2025-09-06,Enterprise,27702.24,Net 30
502433,2025-05-02,2025-05-02,2025-06-04,Enterprise,48358.43,Net 30
504180,2024-05-21,2024-05-26,2024-06-09,Enterprise,58693.19,Net 30
501298,2025-05-20,2025-05-20,2025-06-02,SME,2081.27,Net 30
502796,2024-12-13,2024-12-14,2025-01-06,SME,6690.71,Net30
503716,2024-02-27,2024-02-28,2024-03-26,SME,6353.27,Net 30
501766,2024-03-22,2024-03-23,2024-04-24,SME,3661.57,Net 30
500031,2025-08-24,2025-08-25,2025-09-04,SME,14719.58,Net 30
500321,2024-05-02,2024-05-03,2024-05-31,SME,3592.36,Net 30
501643,2024-02-26,2024-02-28,2024-03-30,SME,7994.56,net 30
503918,2024-03-23,2024-03-28,2024-05-04,Enterprise,113069.36,Net 30
502515,2025-06-03,2025-06-10,2025-07-13,Enterprise,91727.96,Net 30
502352,2024-04-02,2024-04-05,2024-05-08,Enterprise,35499.71,Net 30
503813,2024-08-08,2024-08-15,2024-09-14,Enterprise,19155.23,Net 30
500443,2024-04-13,2024-04-13,2024-05-23,SME,15160.2,Net 30
502556,2024-08-09,2024-08-10,2024-09-16,Enterprise,102695.02,Net30
501197,2024-02-13,2024-02-19,2024-03-18,Enterprise,80219.42,NET 30
501662,2024-04-27,2024-04-28,2024-05-31,SME,4226.44,Net 30
502531,2024-07-13,2024-07-16,2024-08-25,SME,2592.24,Net 30
500700,2024-05-22,2024-05-23,2024-06-18,SME,16699.59,Net 30
501521,2024-12-02,2024-12-14,2025-02-03,Government,253070.73,Net 60
500500,2025-05-11,2025-05-16,2025-06-14,Enterprise,31115.57,Net 30
500642,2024-07-24,2024-07-26,2024-09-01,SME,7108.85,Net 30
500286,2024-07-27,2024-08-10,2024-10-30,Government,168456.44,Net 60
500151,2025-05-23,2025-05-29,2025-07-09,Enterprise,92230.5,Net 30
501963,2024-06-27,2024-06-30,2024-07-24,SME,6507.45,Net 30
503939,2025-09-24,2025-09-26,2025-10-29,SME,7315.72,net 30
500793,2024-11-12,2024-11-15,2024-12-18,Enterprise,77294.51,Net 30
502931,2024-11-14,2024-11-16,2024-12-02,SME,1762.42,Net 30
503604,2024-04-08,2024-04-12,2024-05-16,Enterprise,40893.8,Net 30
500640,2025-05-18,2025-05-21,2025-06-12,SME,12689.31,Net 30
500658,2025-09-04,2025-09-04,2025-10-05,SME,-462.36,Net 30
500365,2024-08-31,2024-09-01,2024-10-03,Enterprise,36627.12,Net 30
503572,2024-11-15,2024-11-18,2024-12-24,SME,17009.78,Net 30
502728,2025-05-29,2025-06-03,2025-07-05,Enterprise,47255.49,Net 30
500890,2025-06-20,2025-06-22,2025-07-19,SME,10803.85,net 30
504051,2024-01-09,2024-01-22,2024-03-23,Government,-40253.95,Net 60
501129,2024-12-21,2024-12-23,2025-01-23,SME,14442.18,Net 30
500807,2024-03-09,2024-03-13,2024-04-21,SME,11521.89,Net 30
500442,2025-09-03,2025-09-09,2025-10-13,Enterprise,31853.9,Net30
503903,2024-01-30,2024-02-01,2024-02-13,SME,13727.29,Net 30
503486,2024-12-01,2024-12-05,2024-12-30,SME,11468.17,Net 30
503123,2024-11-12,2024-11-22,2025-02-15,Government,83589.27,Net 60
503200,2024-12-17,2024-12-19,2025-01-13,SME,9576.27,Net 30
500584,2024-12-01,2024-12-03,2025-01-07,SME,15476.2,Net 30
501394,2024-07-16,2024-07-20,2024-08-24,Enterprise,78722.12,Net 30
503105,2025-04-26,2025-04-26,2025-05-23,SME,-3399.23,Net 30
501472,2024-12-01,2024-12-06,2025-01-14,Enterprise,45286.99,Net 30
502775,2025-05-14,2025-05-28,2025-08-10,Government,-78251.07,Net 60
503775,2024-02-07,2024-02-15,2024-03-01,Enterprise,108838.62,Net 30
501311,2024-01-25,2024-01-28,2024-03-06,Enterprise,-14444.19,Net 30
501294,2025-09-11,2025-09-12,2025-10-07,SME,14530.36,Net 30
503129,2025-08-09,2025-08-12,2025-09-19,SME,1963.31,Net 30
502459,2025-03-04,2025-03-05,2025-03-31,SME,15964.38,Net 30
500206,2024-09-10,2024-09-22,2024-12-08,Government,41415.16,Net 60
502575,2024-06-21,2024-06-23,2024-07-20,SME,11173.0,Net 30
501574,2024-07-25,2024-07-25,2024-08-16,SME,4179.85,Net 30
502324,2025-03-02,2025-03-16,2025-05-16,Government,156907.64,Net 60
500345,2025-01-20,2025-01-20,2025-03-01,Enterprise,58760.94,Net 30
502800,2025-09-16,2025-09-17,2025-11-04,SME,8314.07,Net 30
502862,2025-07-01,2025-07-08,2025-08-07,Enterprise,114901.32,Net 30
501706,2024-02-04,2024-02-21,2024-04-17,Government,315868.5,net 60
502134,2025-10-06,2025-10-08,2025-11-05,SME,4260.79,Net 30
500385,2025-03-05,2025-03-10,2025-04-26,Enterprise,71642.04,Net 30
504064,2025-01-12,2025-01-15,2025-02-21,Enterprise,85220.1,Net 30
503041,2024-05-20,2024-05-22,2024-06-23,Enterprise,44653.01,Net 30
503633,2024-08-14,2024-08-17,2024-09-15,SME,14065.86,Net 30
500158,2025-02-05,2025-02-20,2025-05-19,Government,217118.93,Net 60
504194,2024-09-03,2024-09-05,2024-10-03,SME,7281.45,Net 30
500330,2024-05-26,2024-06-02,2024-08-17,Government,317935.02,Net 60
502801,2024-01-26,2024-01-26,2024-02-18,SME,14773.66,Net 30
503632,2025-04-16,2025-04-18,2025-05-18,SME,16882.16,Net 30
502939,2024-04-26,2024-04-27,2024-05-18,SME,7405.0,net 30
502374,2024-06-10,2024-06-13,2024-07-03,SME,11096.17,Net 30
502462,2025-07-04,2025-07-05,2025-07-28,SME,15288.87,Net 30
503045,2025-05-06,2025-05-12,2025-06-15,Enterprise,17264.46,Net 30
503822,2025-07-05,2025-07-12,2025-09-11,Government,232071.33,Net 60
500519,2024-08-29,2024-09-18,2024-11-28,Government,162042.05,Net 60
500070,2024-03-11,2024-03-13,2024-04-26,Enterprise,33432.43,Net 30
501082,2024-08-19,2024-08-21,2024-09-11,SME,12825.1,Net 30
500246,2024-08-30,2024-09-02,2024-09-27,SME,1950.72,Net 30
501685,2025-09-09,2025-09-12,2025-10-10,Enterprise,83614.56,Net30
501176,2025-03-10,2025-03-17,2025-04-10,Enterprise,81720.77,net 30
500988,2024-10-16,2024-10-19,2024-12-04,Enterprise,36560.56,Net 30
500565,2025-02-01,2025-02-03,2025-02-28,SME,-4216.35,net 30
503712,2025-05-15,2025-05-16,2025-06-15,SME,4076.08,Net 30
502768,2025-05-03,2025-05-06,2025-06-01,SME,16960.69,Net 30
500794,2024-10-02,2024-10-05,2024-11-06,Enterprise,111892.23,Net 30
501260,2024-09-27,2024-10-02,2024-10-25,Enterprise,27146.1,Net 30
500735,2024-05-23,2024-05-26,2024-06-16,SME,13262.17,Net 30
502020,2024-12-02,2024-12-05,2025-01-01,SME,1542.54,Net 30
502738,2025-09-29,2025-10-02,2025-10-25,SME,17670.81,Net 30
502438,2025-08-08,2025-08-10,2025-09-16,SME,5409.87,Net 30
503654,2024-12-23,2024-12-28,2025-01-25,SME,12718.11,Net 30
503773,2025-05-23,2025-05-25,2025-06-25,SME,16223.54,Net 30
501193,2025-06-07,2025-06-25,2025-08-30,Government,281584.13,Net 60
503314,2024-06-27,2024-06-30,2024-08-08,Enterprise,81134.8,Net 30
502387,2024-08-13,2024-08-20,2024-10-13,Enterprise,55511.37,Net 30
501435,2024-02-03,2024-02-17,2024-04-24,Government,305725.49,Net60
504054,2025-06-29,2025-07-02,2025-07-15,SME,17590.71,Net30
501901,2025-03-18,2025-03-22,2025-04-06,SME,10917.52,NET 30
503881,2025-03-27,2025-03-30,2025-04-30,SME,16029.98,Net 30
500319,2025-06-13,2025-06-16,2025-07-18,SME,4259.91,Net 30
502536,2024-03-14,2024-03-16,2024-04-16,SME,14172.52,NET 30
500694,2024-06-13,2024-06-16,2024-07-04,SME,15386.45,Net 30
504109,2024-07-20,2024-07-22,2024-08-16,SME,8020.5,Net 30
503971,2025-07-12,2025-07-15,2025-08-06,SME,6452.32,Net 30
502156,2025-01-31,2025-02-03,2025-03-20,Enterprise,89055.9,Net 30
503468,2024-11-12,2024-11-13,2024-12-05,SME,5675.61,Net 30
501026,2024-06-05,2024-06-08,2024-06-29,Enterprise,110682.16,Net 30
502996,2024-02-08,2024-02-10,2024-03-23,Enterprise,88989.47,Net 30
503172,2025-03-26,2025-03-27,2025-04-22,SME,13176.3,Net 30
503415,2024-12-11,2024-12-12,2025-01-15,SME,11002.21,Net 30
504094,2024-06-20,2024-06-23,2024-07-05,SME,3089.51,Net 30
503936,2024-02-03,2024-02-15,2024-04-11,Government,113417.33,net 60
501076,2024-10-12,2024-10-31,2025-01-30,Government,318981.35,Net 60
504121,2025-03-02,2025-03-13,2025-05-06,Government,126424.58,Net 60
501060,2024-08-31,2024-09-05,2024-10-17,Enterprise,114368.25,Net 30
500328,2025-07-25,2025-07-28,2025-08-31,SME,11252.8,Net 30
501098,2025-10-05,2025-10-07,2025-11-13,SME,17542.42,Net30
501253,2025-08-28,2025-09-03,2025-10-06,Enterprise,118056.62,net 30
503866,2025-04-06,2025-04-06,2025-05-07,SME,16878.08,Net 30
502610,2024-01-29,2024-01-30,2024-02-27,SME,3600.75,net 30
502490,2025-01-19,2025-01-21,2025-02-24,SME,4274.73,Net 30
503294,2024-08-17,2024-08-22,2024-09-17,Enterprise,114129.74,Net 30
500282,2024-02-11,2024-03-03,2024-05-05,Government,177805.72,Net 60
504025,2024-11-18,2024-11-21,2024-12-24,SME,11136.42,Net 30
502605,2024-05-02,2024-05-04,2024-06-07,SME,6517.52,NET 30
501673,2025-03-16,2025-03-19,2025-04-05,SME,17192.05,Net 30
503515,2024-10-01,2024-10-03,2024-11-03,SME,17239.71,Net 30
502586,2024-06-22,2024-06-28,2024-07-24,Enterprise,51659.81,Net 30
503066,2024-08-12,2024-08-12,2024-09-05,SME,13543.02,net 30
503856,2024-06-01,2024-06-04,2024-06-28,SME,14730.74,Net 30
504167,2024-06-13,2024-06-17,2024-07-29,SME,7539.07,Net 30
503890,2025-10-11,2025-10-13,2025-11-16,SME,7023.97,Net 30
501606,2024-12-09,2024-12-10,2025-01-06,SME,1838.94,Net 30
502127,2025-04-27,2025-04-30,2025-05-27,Enterprise,73327.38,net 30
501862,2025-05-22,2025-05-25,2025-07-16,SME,4262.16,NET 30
503677,2024-04-03,2024-04-08,2024-05-26,Enterprise,111286.99,NET 30
502878,2025-01-08,2025-01-10,2025-02-19,SME,4079.72,Net 30
502545,2024-11-05,2024-11-05,2024-11-30,Enterprise,39154.22,Net 30
502493,2024-01-23,2024-01-28,2024-04-18,Government,147512.69,NET 60
503828,2025-01-27,2025-01-30,2025-03-04,SME,3460.67,Net 30
502968,2025-10-05,2025-10-18,,Government,100279.54,Net 60
501573,2024-06-07,2024-06-13,2024-07-20,Enterprise,33809.58,Net 30
504019,2024-12-10,2024-12-11,2025-01-11,SME,15299.44,Net 30
500124,2025-08-24,2025-08-26,2025-09-25,Enterprise,39869.01,Net 30
501085,2025-09-03,2025-09-06,2025-10-06,SME,9528.18,Net 30
501246,2024-07-30,2024-08-02,2024-09-04,Enterprise,50463.07,Net 30
501154,2025-03-08,2025-03-11,2025-04-09,Enterprise,102833.32,Net30
501780,2024-08-05,2024-08-08,2024-09-11,Enterprise,91154.7,Net 30
501620,2025-08-11,2025-08-14,2025-09-18,SME,11138.83,Net 30
502596,2025-03-27,2025-03-29,2025-04-19,SME,11629.85,Net 30
503467,2024-04-05,2024-04-09,2024-05-06,SME,9706.19,Net 30
503199,2024-12-24,2024-12-26,2025-01-26,SME,3279.2,Net 30
503300,2025-05-25,2025-05-29,2025-07-07,Enterprise,76181.52,Net 30
501762,2025-03-13,2025-03-16,2025-04-20,SME,16271.27,Net 30
501868,2024-07-10,2024-07-15,2024-08-29,Enterprise,23901.7,Net 30
502879,2025-02-04,2025-02-12,2025-04-20,Government,246143.98,Net 60
504119,2024-11-01,2024-11-03,2024-11-30,SME,12961.12,Net 30
502994,2024-08-14,2024-08-16,2024-09-11,Enterprise,55980.07,Net 30
503525,2025-03-28,2025-03-31,2025-05-19,Enterprise,87133.46,Net 30
501323,2024-11-13,2024-11-16,2024-12-07,SME,7275.45,Net30
502133,2025-04-02,2025-04-06,2025-05-08,SME,3465.21,NET 30
502608,2024-06-15,2024-06-16,2024-07-08,SME,6838.63,Net 30
501777,2024-05-11,2024-05-16,2024-06-20,Enterprise,110765.6,Net 30
502365,2025-07-08,2025-07-12,2025-08-05,Enterprise,50750.33,Net 30
502880,2025-04-16,2025-04-21,2025-05-15,Enterprise,118611.19,Net 30
502230,2025-06-24,2025-06-27,2025-08-06,Enterprise,17117.76,Net 30
503759,2024-06-04,2024-06-06,2024-06-21,Enterprise,38791.96,net 30
503142,2024-10-30,2024-11-13,2025-01-21,Government,119795.44,Net 60
502804,2024-08-06,2024-08-18,2024-10-12,Government,236063.41,Net 60
500830,2024-12-25,2024-12-27,2025-01-29,SME,9604.64,Net 30
502581,2024-02-13,2024-02-16,2024-02-26,SME,16650.71,Net 30
500142,2025-04-29,2025-05-01,2025-06-06,Enterprise,68970.89,net 30
503663,2024-08-06,2024-08-09,2024-08-27,SME,3898.82,Net 30
501408,2025-05-04,2025-05-06,2025-05-21,SME,12740.35,Net 30
501802,2024-09-30,2024-10-03,2024-11-11,Enterprise,71886.62,Net 30
502094,2025-02-03,2025-02-07,2025-03-09,Enterprise,38299.95,Net 30
502559,2024-12-05,2024-12-08,2025-01-01,SME,9168.99,Net 30
501667,2025-05-24,2025-05-28,2025-07-02,SME,14601.78,Net 30
503710,2025-09-12,2025-10-01,2025-12-08,Government,26960.06,Net 60
501699,2024-07-24,2024-07-28,2024-08-14,SME,6818.35,NET 30
503126,2024-12-14,2024-12-17,2025-01-15,SME,10035.36,Net 30
501559,2025-05-16,2025-05-19,2025-06-30,Enterprise,97260.32,Net 30
503043,2025-10-04,2025-10-14,,Government,289845.96,NET 60
503219,2024-01-19,2024-01-24,2024-03-04,Enterprise,73244.24,Net 30
503796,2024-12-18,2024-12-19,2025-01-21,SME,12270.09,Net 30
501427,2025-01-06,2025-01-08,2025-02-06,SME,16021.91,Net 30
500203,2024-07-25,2024-07-30,2024-08-16,Enterprise,107435.27,Net 30
501365,2024-02-18,2024-02-19,2024-03-05,SME,11296.01,Net 30
501751,2024-10-05,2024-10-08,2024-10-21,SME,16131.42,net 30
501357,2024-05-24,2024-06-01,2024-08-04,Government,270794.84,Net 60
503277,2024-12-28,2024-12-31,2025-01-22,Enterprise,22835.87,Net 30
502223,2025-02-12,2025-02-24,2025-05-10,Government,136209.07,Net 60
502661,2024-10-26,2024-10-27,2024-11-12,SME,12972.15,Net 30
503207,2024-04-15,2024-04-16,2024-05-07,SME,17729.74,Net 30
503122,2024-03-28,2024-03-29,2024-04-19,SME,9186.58,net 30
502700,2024-05-20,2024-05-23,2024-06-21,Enterprise,19836.63,Net 30
504085,2025-10-16,2025-10-23,2025-12-05,Enterprise,119948.06,Net 30
503456,2025-10-24,2025-10-25,2025-11-28,SME,9144.82,Net 30
501586,2024-10-21,2024-10-23,2024-11-25,Enterprise,64635.4,Net 30
501493,2025-09-23,2025-09-25,2025-10-28,SME,-1796.26,Net 30
501729,2024-12-23,2024-12-26,2025-01-29,SME,6782.88,Net 30
501899,2025-06-14,2025-06-14,2025-07-28,SME,5709.25,Net 30
501245,2025-01-25,2025-02-04,2025-04-20,Government,290479.44,Net 60
501463,2024-03-07,2024-03-10,2024-04-01,SME,6921.6,Net 30
502379,2025-08-03,2025-08-04,2025-08-31,Enterprise,32498.6,NET 30
504101,2025-09-08,2025-09-13,2025-10-20,Enterprise,72639.85,Net 30
500214,2025-03-27,2025-03-30,2025-04-30,SME,15725.75,Net 30
501168,2024-01-05,2024-01-10,2024-02-09,SME,3211.29,Net 30
500400,2024-01-22,2024-01-27,2024-02-02,SME,11345.51,Net 30
501585,2024-01-17,2024-01-31,2024-04-13,Government,167882.83,Net 60
501395,2025-06-04,2025-06-08,2025-07-06,SME,12517.26,Net 30
501165,2024-01-05,2024-01-11,2024-04-05,Government,208806.81,Net 60
502682,2025-03-11,2025-03-17,2025-04-27,Enterprise,107779.95,Net 30
502918,2025-02-04,2025-02-09,2025-03-28,Enterprise,102791.69,net 30
500909,2024-07-01,2024-07-01,2024-07-30,SME,16491.84,Net 30
502298,2025-09-19,2025-09-19,2025-10-17,SME,3171.72,Net30
500826,2025-07-15,2025-07-16,2025-08-09,SME,15955.57,Net 30
503470,2024-07-25,2024-07-28,2024-09-10,Enterprise,113815.65,Net 30
502702,2024-04-08,2024-04-12,2024-05-09,SME,16159.9,Net 30
503977,2024-04-20,2024-04-21,2024-05-18,SME,3793.42,Net 30
502418,2024-03-31,2024-03-31,2024-05-07,SME,13351.16,Net 30
501448,2025-03-19,2025-03-23,2025-04-25,Enterprise,84562.28,Net 30
501275,2024-05-08,2024-05-14,2024-06-20,Enterprise,83369.51,Net 30
502272,2025-07-31,2025-08-06,2025-09-10,Enterprise,40150.45,Net 30
501810,2024-01-21,2024-02-05,2024-04-29,Government,104812.19,Net 60
502488,2024-05-07,2024-05-17,2024-07-19,Government,233716.13,Net60
500835,2024-02-01,2024-02-04,2024-03-12,SME,4747.35,Net 30
502873,2025-09-22,2025-09-27,2025-11-10,Enterprise,73481.07,Net 30
501577,2024-02-26,2024-03-08,2024-05-08,Government,199724.51,Net 60
502118,2024-07-26,2024-08-02,2024-08-24,Enterprise,77694.83,Net 30
502732,2024-10-04,2024-10-04,2024-11-06,SME,7450.53,NET 30
504010,2024-12-02,2024-12-04,2024-12-27,SME,16922.75,Net 30
500305,2025-02-19,2025-02-19,2025-03-14,SME,5198.13,Net 30
501374,2025-07-23,2025-08-06,2025-10-17,Government,46588.54,Net 60
503652,2025-08-03,2025-08-05,2025-09-01,SME,17852.33,Net30
500186,2024-04-04,2024-04-10,2024-05-15,Enterprise,93268.47,Net 30
501110,2024-10-06,2024-10-10,2024-11-09,Enterprise,64358.0,Net 30
503612,2024-08-14,2024-08-17,2024-09-20,SME,4715.32,Net 30
502089,2025-09-15,2025-09-18,2025-10-11,Enterprise,20892.93,net 30
503532,2024-07-31,2024-07-31,2024-08-22,SME,12519.48,Net 30
503793,2024-02-26,2024-02-29,2024-04-17,Enterprise,62878.18,Net 30
502514,2024-09-07,2024-09-09,2024-10-09,Enterprise,93530.77,Net 30
502648,2024-12-31,2025-01-03,2025-01-30,SME,13816.53,Net 30
500299,2024-01-07,2024-01-13,2024-02-12,Enterprise,68148.53,NET 30
501463,2024-03-07,2024-03-10,2024-04-01,SME,6921.6,Net 30
500393,2025-04-12,2025-04-14,2025-05-11,Enterprise,91202.01,Net30
502102,2025-02-03,2025-02-05,2025-03-15,SME,17703.4,Net30
502858,2024-06-29,2024-06-29,2024-08-08,SME,17316.12,Net 30
501656,2024-01-13,2024-01-15,2024-02-07,SME,12333.1,Net 30
501128,2024-10-11,2024-10-13,2024-11-28,SME,15256.61,Net 30
503367,2024-12-31,2025-01-13,2025-03-30,Government,306188.03,net 60
503967,2024-07-23,2024-07-27,2024-09-10,Enterprise,79254.0,Net 30
501650,2024-02-19,2024-03-06,2024-06-18,Government,284623.13,Net 60
502437,2025-04-05,2025-04-11,2025-06-08,Enterprise,56308.2,Net 30
502461,2024-05-03,2024-05-04,2024-06-18,Enterprise,53840.65,Net 30
501713,2025-03-21,2025-04-05,2025-05-21,Government,124155.83,Net 60
503275,2024-11-07,2024-11-10,2024-12-18,SME,15108.27,Net 30
501167,2024-12-11,2024-12-16,2025-01-16,Enterprise,96931.9,Net 30
500535,2024-06-29,2024-07-14,2024-09-28,Government,234139.13,Net 60
502015,2024-02-11,2024-02-13,2024-02-26,SME,6994.72,Net 30
504189,2025-03-18,2025-03-20,2025-04-07,SME,6257.9,Net 30
500645,2024-05-05,2024-05-06,2024-06-10,Enterprise,79453.15,Net 30
500136,2025-06-18,2025-06-27,2025-08-09,Government,92950.54,Net60
500090,2025-08-21,2025-08-21,2025-09-19,SME,10756.89,Net 30
503563,2024-11-21,2024-11-22,2024-12-09,SME,10043.68,Net 30
502444,2025-03-01,2025-03-04,2025-04-01,Enterprise,26001.23,Net 30
500154,2025-06-23,2025-06-24,2025-07-30,Enterprise,32224.98,Net 30
501227,2025-10-02,2025-10-06,2025-10-29,SME,14909.42,Net 30
501631,2024-02-18,2024-02-21,2024-03-12,SME,12136.14,Net 30
503228,2025-01-30,2025-02-02,2025-03-05,SME,16854.43,net 30
500191,2025-01-28,2025-02-16,2025-04-09,Government,236334.37,NET 60
500464,2025-03-14,2025-03-15,2025-04-20,SME,3362.78,Net 30
502314,2024-09-24,2024-09-26,2024-10-12,SME,16849.76,Net 30
500969,2024-06-23,2024-06-30,2024-08-03,Enterprise,63838.36,net 30
500674,2024-04-12,2024-04-18,2024-06-06,Enterprise,93316.57,Net 30
502622,2024-10-13,2024-10-15,2024-11-04,SME,14635.22,Net 30
501216,2025-07-20,2025-08-12,2025-09-23,Government,102512.48,Net 60
502430,2025-03-30,2025-04-18,2025-05-28,Government,112747.01,Net 60
501939,2025-06-14,2025-06-18,2025-07-14,Enterprise,91664.16,Net 30
500774,2024-06-26,2024-06-28,2024-08-14,Enterprise,61003.03,Net 30
500176,2025-02-18,2025-02-21,2025-03-30,Enterprise,111324.53,Net 30
502451,2024-07-29,2024-08-01,2024-08-20,SME,4303.03,Net 30
501936,2024-12-26,2024-12-30,2025-02-07,Enterprise,116727.78,Net 30
501065,2024-10-06,2024-10-24,2024-12-10,Government,216431.53,Net 60
501406,2024-07-22,2024-07-25,2024-08-24,SME,1785.33,Net 30
501328,2025-09-25,2025-09-27,2025-10-27,SME,12724.66,Net 30
500915,2025-06-09,2025-06-11,2025-07-09,SME,8286.12,Net30
500646,2024-07-17,2024-07-18,2024-09-09,Enterprise,87733.39,net 30
504000,2024-04-21,2024-04-25,2024-05-25,Enterprise,53363.95,Net 30
503052,2024-08-23,2024-09-05,2024-11-13,Government,61598.84,Net 60
502952,2025-06-13,2025-06-20,2025-07-18,Enterprise,98801.0,Net 30
503662,2025-01-13,2025-01-17,2025-01-31,SME,3812.08,Net 30
502713,2025-06-25,2025-06-27,2025-07-26,SME,3251.28,Net 30
503782,2025-09-05,2025-09-07,2025-10-18,SME,2623.83,Net 30
503068,2024-02-19,2024-02-23,2024-03-16,SME,16253.92,net 30
501080,2024-09-10,2024-09-15,2024-10-15,SME,11313.84,NET 30
501826,2025-02-06,2025-02-23,2025-05-18,Government,37387.79,Net 60
503705,2024-07-07,2024-07-08,2024-08-02,SME,15674.28,Net 30
503282,2025-10-03,2025-10-05,2025-10-21,SME,4593.04,Net 30
501186,2025-01-09,2025-01-11,2025-02-02,SME,13651.37,Net 30
503321,2024-02-19,2024-03-03,2024-04-22,Government,250970.71,Net 60
501476,2024-04-19,2024-04-23,2024-06-06,Enterprise,23966.01,Net 30
503615,2025-03-30,2025-03-31,2025-04-20,SME,10947.46,net 30
502263,2025-06-16,2025-06-17,2025-07-12,Enterprise,91898.78,Net 30
500170,2024-01-06,2024-01-09,2024-01-23,SME,-2042.31,Net 30
502416,2024-09-22,2024-09-23,2024-10-13,SME,15845.4,Net 30
503365,2025-05-18,2025-05-20,2025-07-04,Enterprise,31208.48,Net 30
503169,2024-03-30,2024-04-24,2024-06-19,Government,66532.19,Net 60
502733,2025-04-11,2025-04-12,2025-05-13,SME,4222.95,Net 30
501316,2025-03-29,2025-04-02,2025-05-02,Enterprise,113533.84,Net 30
503116,2025-04-12,2025-04-17,2025-05-10,SME,12485.16,net 30
503390,2025-10-10,2025-10-15,2025-11-22,Enterprise,89315.65,net 30
504147,2024-07-20,2024-07-21,2024-07-31,Enterprise,89538.21,Net 30
500055,2024-11-25,2024-11-25,2024-12-17,SME,5586.22,net 30
500298,2024-03-28,2024-04-05,2024-05-18,Enterprise,18711.37,Net 30
501928,2025-09-09,2025-09-10,2025-10-06,SME,16028.33,Net 30
504183,2024-11-07,2024-11-14,2024-12-06,Enterprise,81513.74,Net 30
504104,2024-03-21,2024-03-24,2024-04-25,SME,7533.67,Net 30
502814,2025-05-09,2025-05-12,2025-05-30,Enterprise,91247.45,Net 30
501341,2024-01-13,2024-01-16,2024-02-14,SME,16198.23,Net 30
500096,2024-07-29,2024-08-02,2024-08-24,SME,15577.15,Net 30
500889,2024-09-04,2024-09-08,2024-10-14,SME,17039.98,Net 30
501823,2025-10-02,2025-10-04,2025-10-30,SME,11795.87,Net 30
502990,2025-03-21,2025-04-10,2025-06-06,Government,246109.77,Net 60
503542,2025-03-12,2025-03-14,2025-04-20,Enterprise,25549.76,Net 30
502186,2025-09-28,2025-09-30,2025-10-29,SME,12365.47,Net 30
500724,2025-08-03,2025-08-09,2025-08-29,Enterprise,18684.29,NET 30
501517,2024-09-15,2024-09-17,2024-10-13,SME,17693.15,Net 30
503329,2025-07-18,2025-07-21,2025-08-29,Enterprise,21513.56,Net 30
500067,2024-10-27,2024-11-02,2024-11-26,Enterprise,38670.32,Net 30
501429,2025-05-26,2025-05-28,2025-06-27,SME,16466.19,net 30
502711,2024-09-29,2024-10-01,2024-10-31,SME,1692.34,NET 30
501449,2025-07-11,2025-07-12,2025-07-30,SME,1860.51,Net 30
502389,2025-05-04,2025-05-07,2025-06-14,SME,13815.6,Net 30
501881,2024-08-26,2024-08-27,2024-09-20,Enterprise,119138.25,Net 30
500339,2025-06-28,2025-07-06,2025-08-14,Enterprise,17184.85,Net 30
500187,2025-01-03,2025-01-07,2025-02-07,SME,6844.74,Net 30
502544,2024-12-10,2024-12-13,2025-01-13,SME,12358.31,Net 30
501452,2024-11-23,2024-12-07,2025-03-14,Government,210355.8,Net 60
500374,2025-10-04,2025-10-19,,Government,204047.53,Net 60
500130,2024-02-28,2024-03-03,2024-03-31,Enterprise,42094.16,Net 30
503753,2024-01-23,2024-01-25,2024-02-24,SME,10847.76,Net 30
502887,2024-01-02,2024-01-19,2024-03-28,Government,277273.77,Net60
503039,2024-01-13,2024-01-21,2024-04-08,Government,94597.98,Net 60
502861,2024-01-03,2024-01-04,2024-02-13,SME,4769.51,Net 30
502547,2024-11-10,2024-11-12,2024-12-15,Enterprise,29556.15,Net 30
500235,2024-08-23,2024-08-25,2024-10-03,Enterprise,33659.75,Net 30
500769,2024-08-06,2024-08-10,2024-09-07,SME,13078.37,Net 30
501434,2024-06-08,2024-06-13,2024-08-30,Government,126371.97,Net 60
502472,2024-11-18,2024-11-22,2024-12-20,SME,13296.94,Net 30
502721,2025-03-18,2025-03-19,2025-04-15,Enterprise,53755.87,Net 30
502173,2025-04-20,2025-05-05,2025-07-04,Government,35839.7,Net 60
500458,2024-08-08,2024-08-12,2024-09-16,SME,8329.95,Net 30
503434,2024-12-09,2024-12-14,2025-01-05,Enterprise,85414.23,Net 30
501220,2024-09-10,2024-09-15,2024-10-27,Enterprise,93859.35,net 30
501598,2025-03-25,2025-03-30,2025-05-01,Enterprise,117086.01,Net 30
501697,2024-06-15,2024-06-19,2024-07-09,SME,12236.86,Net 30
501648,2025-05-26,2025-05-29,2025-06-24,SME,15407.27,Net 30
501249,2025-02-28,2025-03-05,2025-04-13,Enterprise,-20575.4,Net 30
503994,2025-06-07,2025-06-07,2025-07-03,SME,9958.34,Net 30
501265,2025-02-19,2025-02-21,2025-04-07,SME,8626.15,net 30
502498,2025-09-17,2025-09-20,2025-10-16,SME,2394.8,Net 30
501821,2024-04-06,2024-04-09,2024-05-18,Enterprise,-18388.96,Net 30
503990,2024-11-14,2024-11-22,2024-12-25,Enterprise,25679.34,net 30
500562,2025-01-04,2025-01-09,2025-02-13,Enterprise,51342.21,Net 30
501107,2024-11-29,2024-12-02,2025-01-01,SME,1663.23,Net 30
503850,2025-09-22,2025-10-01,,Government,263891.25,Net 60
501057,2024-08-03,2024-08-10,2024-09-15,Enterprise,87638.6,Net 30
502171,2025-01-21,2025-01-22,2025-02-18,SME,-1642.76,Net 30
500414,2025-06-29,2025-06-29,2025-07-24,Enterprise,80387.2,net 30
503332,2024-01-16,2024-01-16,2024-02-11,SME,4048.5,Net30
500621,2025-06-22,2025-06-24,2025-07-07,SME,6133.05,Net 30
503455,2025-08-26,2025-08-28,2025-09-28,SME,5662.36,Net 30
501906,2024-04-14,2024-04-18,2024-05-14,SME,10546.46,Net 30
501932,2024-12-26,2025-01-01,2025-02-01,Enterprise,54320.12,Net 30
500012,2025-09-18,2025-09-24,2025-12-03,Government,286243.45,Net 60
501988,2024-09-05,2024-09-09,2024-10-30,Enterprise,109949.65,Net 30
500496,2025-01-16,2025-01-19,2025-02-07,SME,10267.74,Net 30
502129,2024-09-11,2024-09-17,2024-10-20,Enterprise,21823.14,Net 30
502597,2025-10-19,2025-10-22,2025-12-01,Enterprise,77049.53,Net 30
502161,2025-07-02,2025-07-06,2025-08-05,Enterprise,106478.05,Net 30
500530,2025-10-31,2025-11-02,,Enterprise,94895.91,Net 30
500487,2025-01-01,2025-01-07,2025-02-05,Enterprise,67389.46,Net 30
501895,2025-06-13,2025-06-18,2025-07-24,Enterprise,106511.26,Net 30
501546,2024-04-21,2024-04-23,2024-05-18,Enterprise,81610.06,net 30
502766,2024-12-08,2024-12-10,2025-01-12,SME,3887.87,Net 30
500404,2024-03-28,2024-03-31,2024-04-24,Enterprise,81511.21,Net 30
501139,2024-07-20,2024-07-22,2024-08-20,SME,6686.68,Net 30
502833,2024-05-01,2024-05-05,2024-06-13,Enterprise,-13129.16,Net 30
502722,2024-02-15,2024-02-17,2024-03-24,SME,5993.8,Net 30
501834,2024-01-21,2024-01-25,2024-02-24,Enterprise,37723.28,Net 30
502168,2024-04-21,2024-04-24,2024-06-26,Government,213071.7,Net60
501870,2024-04-10,2024-04-13,2024-06-06,Government,295080.77,Net 60
503188,2024-08-31,2024-09-04,2024-10-18,SME,11509.42,Net 30
501985,2024-02-08,2024-02-16,2024-04-07,Government,-29145.98,Net 60
503683,2025-06-24,2025-07-11,2025-10-02,Government,188091.53,Net 60
503979,2024-05-07,2024-05-11,2024-06-04,Enterprise,41628.06,Net 30
502100,2025-08-28,2025-08-30,2025-10-06,SME,15268.24,Net 30
503938,2024-08-09,2024-08-11,2024-08-31,SME,4146.04,Net 30
500352,2024-05-02,2024-05-06,2024-06-16,Enterprise,70281.72,Net 30
502205,2025-02-10,2025-02-11,2025-02-26,SME,15419.79,Net 30
501314,2024-02-01,2024-02-07,2024-03-04,SME,6169.59,Net 30
502841,2024-11-28,2024-11-30,2024-12-28,SME,9815.51,Net 30
502424,2025-06-15,2025-06-19,2025-08-09,Government,125142.99,Net 60
500450,2025-04-21,2025-04-24,2025-05-31,SME,9814.94,Net 30
501786,2025-05-27,2025-05-29,2025-06-24,SME,14462.32,Net 30
502914,2024-07-29,2024-08-01,2024-08-30,SME,7913.7,Net 30
502369,2025-03-06,2025-03-06,2025-04-19,SME,6216.04,Net 30
503905,2025-08-19,2025-08-22,2025-09-25,Enterprise,18255.37,NET 30
503528,2025-06-01,2025-06-03,2025-07-14,Enterprise,19921.87,Net30
502084,2024-04-10,2024-04-21,2024-06-18,Government,152003.9,NET 60
500008,2024-05-06,2024-05-11,2024-06-15,Enterprise,-15227.93,Net 30
500775,2025-04-26,2025-05-11,2025-06-15,Government,177705.44,Net 60
503904,2025-02-08,2025-02-12,2025-03-03,SME,9055.47,Net 30
502788,2025-03-06,2025-03-07,2025-04-18,SME,17543.39,Net 30
500134,2025-08-24,2025-08-26,2025-09-17,SME,13016.02,net 30
500050,2024-06-26,2024-07-07,2024-08-17,Government,58086.39,net 60
502135,2025-08-01,2025-08-02,2025-08-31,SME,9652.39,net 30
502479,2025-01-04,2025-01-08,2025-02-17,Enterprise,53813.28,NET 30
503352,2025-09-12,2025-09-27,2025-12-03,Government,110992.21,Net 60
501600,2024-04-23,2024-04-29,2024-05-25,Enterprise,54036.91,Net 30
500027,2024-08-17,2024-08-21,2024-09-15,Enterprise,-3981.19,Net 30
501405,2025-07-21,2025-07-23,2025-08-13,SME,10537.19,net 30
500625,2024-03-23,2024-03-24,2024-04-20,SME,7104.36,Net 30
503830,2024-03-30,2024-04-01,2024-05-07,SME,11147.98,Net 30
500384,2024-05-23,2024-05-24,2024-06-22,Enterprise,31561.83,Net 30
501439,2025-08-06,2025-08-09,2025-09-17,Enterprise,73392.09,Net 30
501333,2025-06-05,2025-06-11,2025-07-12,Enterprise,95014.38,Net 30
500193,2024-12-05,2024-12-07,2024-12-27,SME,6965.51,Net 30
500975,2025-08-03,2025-08-05,2025-09-11,SME,12943.6,Net 30
501711,2025-09-03,2025-09-04,2025-10-01,Enterprise,93174.63,Net 30
503557,2025-01-11,2025-01-25,2025-04-04,Government,202795.87,Net 60
501291,2025-10-10,2025-10-16,2025-11-17,Enterprise,41226.93,Net30
502122,2025-10-12,2025-10-15,2025-11-10,SME,10393.13,Net 30
503335,2024-08-10,2024-08-17,2024-09-05,Enterprise,110008.28,NET 30
502812,2025-06-15,2025-06-30,2025-09-13,Government,256047.81,Net 60
502864,2025-05-21,2025-05-24,2025-06-13,SME,13334.98,Net 30
501204,2025-09-09,2025-09-11,2025-09-28,SME,15228.22,Net 30
503190,2024-02-13,2024-02-15,2024-03-10,SME,8562.19,Net 30
501951,2025-10-12,2025-10-16,2025-11-11,SME,14892.97,Net 30
504035,2024-02-26,2024-03-01,2024-03-25,Enterprise,63443.06,Net 30
502829,2024-03-31,2024-04-01,2024-05-08,SME,14150.74,Net 30
501299,2024-10-18,2024-10-20,2024-11-20,SME,8317.79,Net 30
501411,2025-01-20,2025-01-23,2025-02-25,SME,2082.03,NET 30
502443,2024-06-04,2024-06-07,2024-07-04,Enterprise,70859.76,Net 30
500949,2024-12-09,2024-12-13,2025-01-03,Enterprise,101707.68,Net 30
502447,2024-07-21,2024-07-22,2024-08-14,SME,12190.55,Net 30
503242,2024-07-04,2024-07-06,2024-08-07,SME,5893.37,Net 30
500263,2024-10-31,2024-11-01,2024-11-25,Enterprise,64561.83,Net 30
502442,2024-09-04,2024-09-06,2024-09-30,Enterprise,17686.67,Net 30
501964,2024-11-22,2024-11-25,2025-01-13,Enterprise,102025.88,Net 30
502881,2024-06-25,2024-06-29,2024-08-18,Enterprise,42025.04,Net 30
502518,2024-01-13,2024-01-15,2024-03-02,SME,10108.68,net 30
501077,2025-07-21,2025-07-22,2025-08-05,Enterprise,34044.2,Net 30
504023,2025-05-20,2025-05-23,2025-07-01,SME,8749.1,Net 30
504107,2024-11-18,2024-11-21,2024-12-22,SME,9450.08,Net 30
503015,2024-08-28,2024-08-29,2024-10-02,SME,5841.74,Net 30
501849,2025-04-01,2025-04-02,2025-05-05,SME,11687.46,Net 30
500513,2025-04-06,2025-04-09,2025-05-06,SME,11399.86,Net 30
502585,2024-10-31,2024-11-19,2025-02-08,Government,173584.68,net 60
500317,2025-02-03,2025-02-15,2025-04-16,Government,304264.03,Net 60
502153,2025-08-10,2025-08-17,2025-09-21,Enterprise,100548.08,Net 30
500009,2025-10-31,2025-11-08,,Government,257962.51,Net 60
500149,2024-10-25,2024-10-29,2024-11-22,Enterprise,59620.93,Net 30
502239,2025-03-24,2025-04-15,2025-06-23,Government,295250.38,Net 60
501863,2025-03-01,2025-03-05,2025-04-05,Enterprise,84793.5,Net 30
501371,2024-10-01,2024-10-06,2024-11-24,Enterprise,40272.64,Net 30
502235,2024-01-04,2024-01-05,2024-02-03,SME,11231.1,Net 30
503217,2025-02-13,2025-02-16,2025-03-28,SME,7790.45,Net 30
503788,2024-11-19,2024-11-19,2024-12-14,Enterprise,89730.21,Net 30
501422,2024-07-12,2024-07-17,2024-08-29,Enterprise,94781.29,Net 30
500222,2024-09-21,2024-09-23,2024-10-12,Enterprise,107864.66,Net 30
503559,2024-08-07,2024-08-09,2024-09-02,SME,17530.05,Net 30
501803,2024-04-24,2024-04-30,2024-06-10,Government,-20952.57,Net 60
502183,2024-01-10,2024-01-12,2024-02-23,SME,4296.54,Net30
501976,2025-09-08,2025-09-10,2025-10-24,SME,13303.78,Net 30
503334,2025-05-15,2025-05-16,2025-06-06,SME,5959.9,Net 30
502784,2025-01-13,2025-01-19,2025-02-17,Enterprise,100462.47,Net 30
502856,2025-05-10,2025-05-15,2025-06-03,SME,11355.0,Net 30
503419,2025-09-28,2025-10-01,2025-11-14,Enterprise,97282.06,Net 30
502637,2025-04-13,2025-04-17,2025-05-28,Enterprise,105442.86,Net 30
501031,2024-03-01,2024-03-03,2024-04-06,SME,1757.04,Net 30
500556,2025-06-22,2025-06-24,2025-07-25,SME,8221.35,Net 30
502855,2024-05-12,2024-05-18,2024-06-19,Enterprise,-15461.11,Net 30
500048,2025-03-16,2025-03-19,2025-04-20,Enterprise,82123.3,net 30
502540,2024-11-03,2024-11-09,2024-12-10,Enterprise,119939.09,Net 30
500047,2024-07-06,2024-07-25,2024-09-07,Government,218853.04,NET 60
500026,2025-09-21,2025-09-23,2025-10-19,SME,8909.29,Net 30
504062,2024-04-20,2024-04-21,2024-05-30,SME,13005.1,Net 30
503797,2024-12-27,2024-12-29,2025-01-22,SME,17486.63,Net 30
503428,2024-03-26,2024-03-28,2024-05-05,SME,6619.38,Net 30
502823,2025-05-28,2025-05-29,2025-06-20,SME,11199.46,Net 30
500897,2024-11-06,2024-11-09,2024-12-09,Enterprise,100897.73,Net 30
500617,2025-06-01,2025-06-04,2025-06-26,SME,11725.61,Net 30
501349,2024-10-02,2024-10-05,2024-11-17,Enterprise,38686.17,Net 30
501802,2024-09-30,2024-10-03,2024-11-11,Enterprise,71886.62,Net 30
503613,2024-10-09,2024-10-17,2024-12-25,Government,255086.09,Net 60
503414,2024-03-22,2024-03-28,2024-04-26,Enterprise,70652.82,Net 30
502773,2025-01-14,2025-01-28,2025-03-15,Government,212141.09,Net 60
500761,2024-03-22,2024-03-27,2024-05-01,Enterprise,35305.4,Net 30
503717,2025-02-04,2025-02-16,2025-05-02,Government,96436.95,Net 60
500342,2024-12-29,2025-01-04,2025-02-16,Enterprise,102023.68,NET 30
502434,2025-07-11,2025-07-14,2025-08-22,Enterprise,67924.97,Net 30
503767,2024-06-12,2024-06-16,2024-07-19,SME,12079.2,Net 30
501048,2025-01-26,2025-01-30,2025-03-07,Enterprise,40273.41,NET 30
501653,2025-02-08,2025-02-12,2025-03-12,SME,1978.04,Net 30
500886,2024-01-04,2024-01-07,2024-01-20,SME,17006.03,NET 30
502892,2024-02-02,2024-02-05,2024-03-17,Enterprise,57158.7,Net 30
503746,2024-11-11,2024-11-12,2024-12-14,SME,10567.96,NET 30
501163,2024-11-22,2024-12-01,2025-02-22,Government,113413.6,Net60
503033,2025-08-12,2025-08-17,2025-09-24,Enterprise,49992.36,Net 30
501655,2025-03-21,2025-03-21,2025-04-16,SME,15647.61,Net 30
501614,2024-09-03,2024-09-06,2024-10-09,Enterprise,84094.52,Net 30
502316,2024-08-16,2024-08-24,2024-11-06,Government,272960.94,Net 60
500153,2024-06-19,2024-06-23,2024-07-24,SME,1987.03,Net 30
503802,2025-06-24,2025-07-10,2025-09-05,Government,302055.4,Net 60
503454,2024-02-20,2024-02-22,2024-03-28,SME,17874.92,Net 30
502980,2025-07-19,2025-07-22,2025-08-20,SME,6721.9,net 30
500693,2025-04-14,2025-04-23,2025-07-15,Government,62638.66,Net 60
504181,2024-08-21,2024-08-26,2024-10-03,Enterprise,26619.19,Net30
501063,2025-05-22,2025-05-25,2025-06-20,SME,1953.06,Net 30
502288,2024-05-22,2024-05-22,2024-06-10,SME,14397.61,NET 30
503046,2024-12-08,2024-12-10,2024-12-22,SME,13446.45,Net 30
501131,2025-09-15,2025-09-18,2025-10-13,SME,10340.26,Net 30
500633,2024-03-25,2024-03-28,2024-05-23,Enterprise,72103.13,Net 30
502277,2024-03-29,2024-04-02,2024-05-02,Enterprise,69758.31,Net 30
500164,2025-08-20,2025-08-22,2025-09-22,SME,7772.45,net 30
503379,2025-03-02,2025-03-04,2025-04-02,SME,9578.0,Net 30
500602,2024-08-23,2024-08-26,2024-09-29,Enterprise,70764.71,Net 30
502262,2024-04-03,2024-04-06,2024-05-06,SME,10261.8,Net 30
503494,2024-12-27,2024-12-31,2025-01-27,Enterprise,21305.51,Net 30
500701,2025-03-23,2025-03-25,2025-05-07,SME,8862.03,Net 30
503829,2024-08-20,2024-08-20,2024-09-11,SME,6963.46,Net 30
500639,2024-04-14,2024-04-14,2024-05-04,SME,14377.08,Net 30
500759,2024-07-18,2024-07-21,2024-08-19,SME,12362.73,Net30
502341,2024-10-12,2024-10-15,2024-11-05,SME,10455.99,Net30
500278,2024-12-25,2024-12-27,2025-01-14,SME,14069.4,Net 30
504068,2024-10-18,2024-10-22,2024-11-20,SME,4208.37,Net 30
500172,2025-02-14,2025-02-18,2025-04-05,SME,1931.19,Net 30
500327,2025-09-26,2025-09-29,2025-10-23,Enterprise,60438.32,NET 30
503357,2024-02-08,2024-02-11,2024-03-06,SME,12197.42,Net 30
502930,2025-10-29,2025-10-30,2025-11-22,Enterprise,28836.86,Net 30
502320,2024-11-28,2024-12-02,2025-01-04,SME,3175.37,Net 30
500804,2024-11-22,2024-11-24,2024-12-22,SME,13967.93,Net 30
502698,2025-03-31,2025-04-03,2025-05-01,SME,16475.42,Net30
500078,2025-04-18,2025-04-24,2025-06-07,Enterprise,35503.4,Net 30
501164,2025-03-15,2025-03-17,2025-04-08,SME,11872.1,Net 30
500673,2024-07-14,2024-07-20,2024-08-19,Enterprise,96184.21,NET 30
500524,2025-07-12,2025-07-16,2025-08-12,SME,10473.26,Net 30
503362,2025-04-23,2025-04-26,2025-05-16,SME,2962.27,Net 30
501724,2025-06-21,2025-06-24,2025-07-14,SME,17088.98,Net 30
503792,2024-10-08,2024-10-10,2024-10-25,SME,17075.87,Net 30
500706,2024-01-29,2024-02-02,2024-03-09,Enterprise,113742.04,Net 30
503413,2025-02-01,2025-02-04,2025-03-19,Enterprise,16581.34,Net 30
501343,2024-04-23,2024-04-26,2024-05-15,SME,9799.29,Net 30
503587,2025-07-05,2025-07-09,2025-07-17,SME,7131.74,Net 30
500730,2024-08-28,2024-08-28,2024-09-20,SME,7215.91,Net 30
504149,2025-01-12,2025-01-13,2025-02-05,SME,16394.47,Net 30
500687,2024-11-20,2024-11-25,2024-12-28,Enterprise,67730.17,Net 30
502274,2024-05-29,2024-05-31,2024-06-23,SME,11225.43,Net 30
501066,2025-03-01,2025-03-03,2025-04-06,SME,12382.08,Net 30
500359,2024-09-16,2024-09-19,2024-10-07,SME,6804.82,Net 30
503340,2025-08-13,2025-08-18,2025-09-22,Enterprise,117261.14,Net 30
503444,2025-05-19,2025-05-22,2025-06-13,Enterprise,19405.02,Net 30
503278,2024-12-20,2024-12-23,2025-01-25,Enterprise,68167.14,Net 30
503269,2025-09-11,2025-09-22,2025-11-08,Government,135549.3,Net 60
502349,2025-07-10,2025-07-21,2025-09-25,Government,251733.72,Net 60
501489,2024-04-20,2024-04-21,2024-05-16,SME,7121.44,Net 30
502778,2024-02-16,2024-02-26,2024-04-27,Government,251433.7,Net 60
500917,2024-04-02,2024-04-06,2024-05-10,SME,11801.36,Net 30
502803,2024-03-01,2024-03-03,2024-03-30,SME,7801.29,Net 30
502403,2025-02-04,2025-02-16,2025-04-12,Government,89629.28,Net 60
502082,2024-10-09,2024-10-20,2024-12-24,Government,179045.58,Net 60
503174,2025-01-09,2025-01-10,2025-02-03,Enterprise,114246.07,Net 30
502441,2025-06-28,2025-07-03,2025-07-27,Enterprise,55081.95,Net 30
501612,2025-08-17,2025-08-17,2025-10-04,Enterprise,64359.96,Net 30
502756,2024-01-12,2024-01-15,2024-02-22,SME,2552.92,Net 30
504032,2025-10-25,2025-11-09,,Government,91081.57,Net 60
502466,2025-07-22,2025-07-25,2025-08-28,Enterprise,65538.16,Net 30
503261,2025-05-08,2025-05-17,2025-07-13,Government,258076.91,Net 60
501397,2025-07-20,2025-07-22,2025-08-17,SME,9936.7,Net 30
500716,2025-01-10,2025-01-13,2025-01-26,SME,11046.48,Net 30
500802,2024-09-17,2024-09-20,2024-10-11,SME,-563.33,Net 30
502083,2025-04-05,2025-04-17,2025-06-29,Government,169412.9,Net 60
501041,2025-03-08,2025-03-12,2025-04-02,Enterprise,69086.49,Net 30
500015,2024-10-20,2024-10-25,2024-11-24,Enterprise,91035.79,Net 30
500258,2025-04-19,2025-04-22,2025-05-17,SME,17590.03,Net 30
503871,2025-05-27,2025-05-28,2025-06-27,SME,-831.85,Net 30
503629,2024-02-15,2024-02-15,2024-03-04,SME,15420.78,Net30
500123,2024-03-17,2024-03-19,2024-04-20,SME,13876.27,Net 30
500929,2025-04-03,2025-04-07,2025-04-24,Enterprise,17651.18,Net 30
500996,2024-03-05,2024-03-09,2024-04-25,Enterprise,90155.54,Net 30
500865,2024-11-28,2024-11-30,2025-01-05,Enterprise,51100.99,Net 30
501549,2025-07-05,2025-07-18,2025-08-18,Government,61141.02,Net 60
500659,2025-01-14,2025-01-24,2025-02-17,Enterprise,109827.7,NET 30
503197,2024-11-08,2024-11-12,2024-12-17,Enterprise,48304.02,Net 30
501138,2024-08-08,2024-08-11,2024-09-06,SME,17269.88,Net 30
501816,2025-09-24,2025-09-28,2025-10-26,Enterprise,65718.32,Net 30
500324,2025-08-01,2025-08-03,2025-09-06,SME,8457.74,Net 30
500369,2025-01-18,2025-01-22,2025-02-11,SME,15645.82,Net 30
503031,2025-09-07,2025-09-08,2025-10-07,SME,10039.05,Net 30
503216,2025-03-13,2025-03-19,2025-04-11,Enterprise,93410.33,net 30
501414,2024-02-21,2024-02-21,2024-03-29,SME,1647.08,Net 30
501949,2025-02-01,2025-02-02,2025-03-14,SME,6778.21,Net 30
502414,2024-09-27,2024-09-30,2024-10-21,SME,14968.15,Net 30
503700,2024-02-23,2024-02-29,2024-03-28,Enterprise,116545.01,Net 30
504145,2024-06-21,2024-07-01,2024-09-13,Government,67506.94,Net 60
503597,2025-06-25,2025-07-13,2025-09-17,Government,28212.69,Net 60
502254,2024-09-01,2024-09-03,2024-09-27,SME,16438.16,Net 30
500182,2025-04-26,2025-04-30,2025-06-02,Enterprise,26483.56,Net 30
500571,2024-10-23,2024-10-23,2024-11-17,SME,4391.26,Net 30
500431,2024-09-19,2024-09-20,2024-11-19,Enterprise,103409.61,Net 30
502992,2024-09-18,2024-09-22,2024-10-10,SME,17619.36,Net 30
502158,2024-07-06,2024-07-15,2024-09-12,Government,97432.93,Net 60
501351,2025-01-08,2025-01-10,2025-01-28,SME,1981.58,Net 30
501370,2024-12-14,2024-12-19,2025-01-18,Enterprise,31707.58,Net 30
500672,2025-07-08,2025-07-13,2025-07-30,Enterprise,111852.95,Net 30
502031,2025-06-30,2025-07-04,2025-09-05,Government,168721.74,Net 60
500061,2024-01-28,2024-01-31,2024-02-14,Enterprise,74663.92,Net 30
503028,2024-12-10,2024-12-13,2025-01-05,Enterprise,96929.3,Net 30
502164,2024-09-25,2024-09-30,2024-11-03,Enterprise,91640.87,Net 30
501882,2024-08-15,2024-08-18,2024-09-17,SME,7359.76,Net 30
503469,2024-04-11,2024-04-24,2024-07-11,Government,158232.58,Net 60
502373,2025-05-14,2025-05-17,2025-06-12,Enterprise,65988.47,NET 30
503237,2024-10-06,2024-10-13,2024-12-10,Government,307304.47,Net60
503296,2024-07-01,2024-07-01,2024-08-01,SME,16106.53,Net 30
504036,2025-07-17,2025-07-19,2025-08-18,SME,15916.01,Net 30
501702,2024-01-18,2024-01-21,2024-02-14,Enterprise,69110.45,net 30
503900,2024-03-22,2024-03-22,2024-04-15,SME,6077.42,Net 30
500927,2025-01-18,2025-02-04,2025-04-19,Government,145342.46,Net 60
500919,2025-05-25,2025-05-27,2025-06-13,SME,14214.31,Net 30
501403,2025-10-19,2025-10-20,2025-11-14,SME,10665.72,Net 30
502963,2024-04-01,2024-04-04,2024-05-20,Enterprise,113391.18,net 30
500279,2024-05-04,2024-05-24,2024-08-09,Government,-44216.4,Net 60
501975,2025-08-20,2025-08-23,2025-09-16,SME,3574.97,Net 30
503801,2024-11-16,2024-11-18,2024-12-04,SME,11863.75,Net 30
503521,2025-08-06,2025-08-11,2025-09-10,Enterprise,105153.6,Net 30
503835,2024-02-27,2024-03-03,2024-04-23,Government,114408.71,Net 60
500978,2025-04-14,2025-04-18,2025-05-15,Enterprise,69804.01,Net 30
504117,2024-06-21,2024-06-26,2024-08-05,Enterprise,48401.72,Net30
500423,2025-10-02,2025-10-04,2025-10-31,SME,17100.97,Net 30
503592,2024-04-11,2024-04-15,2024-05-14,SME,11328.66,Net 30
500679,2024-12-12,2024-12-12,2025-01-22,SME,3285.38,Net 30
501542,2025-09-25,2025-09-26,2025-10-21,SME,16376.41,Net 30
501288,2024-11-06,2024-11-12,2024-12-06,SME,14369.17,Net 30
500667,2024-03-25,2024-03-27,2024-04-24,SME,-2353.59,Net 30
501382,2024-08-22,2024-09-02,2024-11-13,Government,304135.89,Net 60
501024,2025-01-09,2025-01-13,2025-02-03,SME,15179.19,net 30
501604,2024-12-09,2024-12-10,2025-01-03,SME,1887.54,Net 30
504074,2024-01-18,2024-01-31,2024-05-10,Government,157691.51,Net 60
500599,2024-06-20,2024-06-25,2024-07-04,Enterprise,27240.78,Net 30
501271,2024-07-05,2024-07-11,2024-09-01,Enterprise,20154.63,Net 30
501272,2025-09-10,2025-09-13,2025-10-08,Enterprise,111226.13,Net 30
500337,2024-01-19,2024-01-30,2024-03-22,Government,120631.0,Net 60
503701,2025-02-20,2025-02-23,2025-04-06,Enterprise,21619.07,Net 30
503522,2025-03-18,2025-03-21,2025-04-11,SME,7072.82,Net 30
502924,2024-11-22,2024-11-27,2025-01-16,Enterprise,62350.87,Net 30
500544,2025-05-07,2025-05-10,2025-06-08,SME,10952.06,Net 30
500850,2025-01-19,2025-01-25,2025-02-21,Enterprise,56019.61,Net 30
503950,2025-06-03,2025-06-06,2025-07-16,SME,6404.55,Net 30
501070,2024-06-23,2024-07-06,2024-09-18,Government,187362.49,Net 60
503729,2025-10-20,2025-10-24,2025-11-28,SME,4217.41,Net30
502499,2025-03-17,2025-03-19,2025-04-13,SME,7042.98,Net 30
501853,2025-08-10,2025-08-11,2025-09-15,SME,5889.84,Net 30
503658,2024-02-15,2024-02-18,2024-03-23,Enterprise,45013.28,Net 30
502570,2024-05-04,2024-05-09,2024-06-14,Enterprise,94493.23,Net 30
502591,2025-07-16,2025-07-23,2025-08-16,Enterprise,116362.15,Net 30
504151,2024-09-15,2024-09-20,2024-10-28,Enterprise,32284.22,Net 30
502417,2024-04-16,2024-04-19,2024-05-22,Enterprise,45769.69,Net 30
504126,2024-01-12,2024-01-14,2024-02-06,Enterprise,106200.45,Net 30
503360,2025-05-01,2025-05-02,2025-05-28,SME,11973.89,Net 30
504006,2025-01-30,2025-02-02,2025-02-26,SME,14472.14,Net 30
501968,2025-10-06,2025-10-17,,Government,226835.77,Net 60
501775,2025-10-15,2025-10-17,2025-11-04,Enterprise,63409.67,Net 30
500660,2025-05-21,2025-05-24,2025-06-30,SME,8107.61,Net 30
502898,2024-06-03,2024-06-05,2024-07-09,SME,15609.34,Net 30
501471,2024-08-19,2024-08-19,2024-10-03,Enterprise,74786.52,Net 30
503223,2025-06-04,2025-06-06,2025-06-22,SME,10623.46,Net 30
503092,2025-07-01,2025-07-04,2025-08-08,Enterprise,41319.74,net 30
500517,2024-03-08,2024-03-21,2024-05-28,Government,71379.32,Net 60
500415,2024-04-21,2024-04-24,2024-06-05,SME,15727.09,Net 30
503213,2024-11-11,2024-11-14,2024-12-15,SME,17598.01,Net 30
503132,2024-04-26,2024-05-09,2024-07-20,Government,318979.89,Net 60
501300,2024-04-13,2024-04-17,2024-05-12,SME,14587.27,Net30
500141,2024-02-21,2024-02-24,2024-03-30,SME,10521.5,Net 30
503928,2024-05-09,2024-05-14,2024-06-15,Enterprise,15333.49,NET 30
500184,2024-03-06,2024-03-12,2024-04-18,Enterprise,108283.89,Net 30
502391,2025-08-14,2025-08-18,2025-09-16,SME,14367.56,Net 30
501565,2024-04-14,2024-04-28,2024-07-03,Government,137069.47,Net 60
502148,2025-04-14,2025-04-16,2025-05-28,Enterprise,77606.17,Net 30
502537,2024-12-23,2024-12-23,2025-01-12,SME,9525.49,Net 30
503865,2025-04-08,2025-04-11,2025-05-16,SME,8649.67,Net 30
503872,2025-10-08,2025-10-11,2025-11-16,SME,2418.1,Net 30
500516,2024-06-03,2024-06-06,2024-06-27,Enterprise,63943.78,Net 30
501756,2024-03-29,2024-03-31,2024-04-28,SME,-780.53,NET 30
500426,2025-05-13,2025-05-14,2025-06-12,SME,-1530.04,Net 30
502838,2024-07-06,2024-07-09,2024-08-09,Enterprise,65630.2,Net 30
502813,2024-10-19,2024-10-25,2024-12-01,Enterprise,48511.46,Net 30
503638,2025-01-02,2025-01-19,2025-03-26,Government,167711.47,Net 60
503109,2024-07-07,2024-07-09,2024-08-10,SME,-1669.78,Net 30
503307,2024-06-12,2024-06-12,2024-07-15,SME,9776.5,Net 30
502247,2024-09-01,2024-09-04,2024-10-01,SME,17980.92,Net 30
501388,2024-01-09,2024-01-10,2024-01-26,SME,7752.52,NET 30
501683,2025-07-10,2025-07-26,2025-09-20,Government,241377.22,Net 60
502209,2024-05-01,2024-05-05,2024-05-14,Enterprise,87575.78,Net 30
501743,2024-02-15,2024-02-17,2024-03-14,SME,9739.44,net 30
500314,2024-02-17,2024-02-21,2024-03-14,SME,16433.04,Net 30
504040,2024-03-09,2024-03-14,2024-04-30,Enterprise,119627.47,Net 30
503841,2024-11-29,2024-12-01,2025-01-04,SME,8855.21,Net 30
502675,2024-07-23,2024-07-26,2024-08-27,Enterprise,27518.45,Net 30
501611,2024-07-30,2024-08-04,2024-08-26,Enterprise,86591.43,Net 30
502474,2024-07-20,2024-07-20,2024-08-11,SME,10827.32,Net 30
502280,2025-08-10,2025-08-25,2025-10-26,Government,145324.27,Net 60
500832,2025-02-14,2025-02-16,2025-03-16,Enterprise,-9512.15,Net 30
500968,2024-03-26,2024-03-30,2024-05-10,Enterprise,86176.38,Net 30
504105,2024-12-13,2024-12-15,2025-01-15,Enterprise,48515.74,Net 30
501602,2024-05-10,2024-05-30,2024-07-19,Government,54265.58,Net 60
502255,2024-02-19,2024-02-21,2024-03-16,SME,7809.55,Net 30
501386,2025-07-16,2025-07-22,2025-09-29,Government,104061.43,Net 60
501896,2025-03-09,2025-03-13,2025-04-30,Enterprise,93381.19,Net 30
502843,2025-03-03,2025-03-03,2025-03-18,SME,11835.9,Net 30
502640,2024-05-23,2024-05-24,2024-06-20,SME,2205.01,Net 30
500262,2025-04-08,2025-04-09,2025-05-17,SME,14935.44,Net30
501242,2024-03-06,2024-03-12,2024-05-10,Enterprise,68477.47,Net 30
502703,2024-07-18,2024-07-20,2024-08-30,SME,6432.2,Net 30
503499,2025-10-24,2025-11-04,,Government,251979.78,Net 60
502077,2025-09-08,2025-09-09,2025-10-08,SME,17428.33,Net 30
503931,2025-01-05,2025-01-16,2025-03-26,Government,142187.83,Net60
501283,2024-02-08,2024-02-10,2024-02-25,SME,2824.39,Net 30
504049,2024-06-13,2024-06-16,2024-07-31,Enterprise,-6368.82,Net 30
503210,2025-01-28,2025-01-30,2025-02-21,SME,10273.59,Net 30
503643,2024-07-19,2024-07-23,2024-08-18,SME,13416.72,Net 30
500801,2025-02-15,2025-02-16,2025-03-23,SME,13425.49,net 30
501860,2024-10-06,2024-10-08,2024-11-16,Enterprise,25067.83,Net 30
500845,2025-09-07,2025-09-08,2025-10-01,SME,7421.6,Net 30
501509,2024-01-27,2024-01-29,2024-03-03,SME,6768.8,Net 30
503625,2025-08-22,2025-08-25,2025-09-25,SME,10869.46,Net 30
502435,2024-05-25,2024-05-27,2024-06-09,SME,17558.21,Net 30
500383,2025-10-16,2025-10-20,2025-11-18,Enterprise,20752.43,Net 30
503101,2024-10-19,2024-10-23,2024-12-01,Enterprise,48240.83,Net 30
503751,2025-09-10,2025-09-12,2025-09-28,SME,8779.71,Net30
502423,2024-12-03,2024-12-05,2025-01-06,Enterprise,66295.65,Net 30
503060,2024-08-12,2024-08-28,2024-11-09,Government,94456.42,Net 60
502343,2024-07-13,2024-07-13,2024-08-22,Enterprise,63109.83,Net 30
503171,2025-05-10,2025-05-14,2025-06-14,Enterprise,17302.07,Net 30
503818,2025-04-15,2025-04-16,2025-06-01,Enterprise,63088.52,Net 30
500254,2024-11-10,2024-11-15,2025-01-31,Government,104589.96,Net 60
503591,2025-05-04,2025-05-04,2025-05-30,SME,12404.97,Net 30
502679,2025-02-19,2025-02-21,2025-03-29,SME,1842.13,Net 30
502863,2024-05-11,2024-05-14,2024-06-18,SME,5574.74,Net 30
501848,2024-08-30,2024-09-06,2024-10-08,Enterprise,65743.1,Net 30
503477,2024-12-04,2024-12-12,2025-02-21,Government,281257.66,Net 60
501033,2024-07-26,2024-07-29,2024-08-22,Enterprise,52547.04,Net 30
502497,2024-03-23,2024-03-31,2024-04-24,Enterprise,18413.04,NET 30
502225,2024-06-26,2024-06-29,2024-08-06,Enterprise,47387.92,net 30
500165,2025-04-06,2025-04-08,2025-05-07,SME,11265.41,Net30
501032,2025-05-16,2025-05-21,2025-07-23,Government,245235.06,Net 60
502017,2024-10-21,2024-10-28,2024-11-22,Enterprise,79000.97,Net 30
501331,2024-02-25,2024-02-25,2024-03-04,SME,10700.38,Net 30
503837,2024-09-08,2024-09-13,2024-10-12,Enterprise,23469.34,Net30
501263,2025-09-24,2025-09-25,2025-11-04,Enterprise,113922.37,Net 30
501312,2024-01-19,2024-01-21,2024-02-22,Enterprise,39565.15,Net30
502984,2024-11-17,2024-11-19,2024-12-24,SME,4022.14,Net 30
500332,2025-02-04,2025-02-05,2025-03-14,Enterprise,84353.16,Net 30
503019,2024-11-10,2024-11-10,2024-12-16,SME,10502.44,Net 30
500800,2025-05-22,2025-05-24,2025-05-31,SME,5230.93,Net 30
501115,2024-04-23,2024-04-23,2024-05-27,SME,15673.4,Net 30
501531,2024-06-05,2024-06-08,2024-07-02,Enterprise,96866.84,net 30
503446,2024-02-02,2024-02-04,2024-02-20,SME,-1699.91,Net 30
502425,2024-07-11,2024-07-21,2024-10-01,Government,113665.45,Net 60
501647,2024-08-29,2024-08-31,2024-09-22,SME,3462.56,Net 30
500216,2025-04-23,2025-04-27,2025-06-07,Enterprise,84500.84,Net 30
500091,2025-01-13,2025-01-20,2025-03-02,Enterprise,-5348.1,Net30
500247,2024-03-13,2024-03-20,2024-04-04,Enterprise,87735.66,Net 30
500514,2025-08-30,2025-09-04,2025-10-09,Enterprise,31899.01,Net 30
503435,2024-11-28,2024-12-12,2025-03-03,Government,286289.27,Net 60
503461,2024-05-02,2024-05-02,2024-05-17,SME,17764.97,NET 30
501127,2024-08-23,2024-08-26,2024-09-29,SME,17595.31,Net 30
500892,2025-01-21,2025-02-03,2025-04-14,Government,132520.27,Net 60
501533,2025-08-02,2025-08-05,2025-09-03,Enterprise,40295.38,Net 30
501992,2024-02-14,2024-02-16,2024-03-17,SME,8068.59,Net30
501425,2024-03-22,2024-03-24,2024-05-06,SME,15223.52,Net 30
502530,2025-01-18,2025-01-20,2025-02-15,SME,-464.39,Net 30
501276,2025-08-18,2025-08-18,2025-09-07,SME,8768.93,Net 30
501628,2024-10-17,2024-10-20,2024-11-17,SME,-2143.7,Net 30
503249,2025-06-09,2025-06-14,2025-08-02,Enterprise,117816.5,Net 30
502621,2024-11-05,2024-11-06,2024-11-30,SME,3525.2,Net 30
503353,2025-01-24,2025-01-26,2025-02-27,SME,8841.21,Net30
501046,2025-06-13,2025-06-18,2025-07-26,Enterprise,58971.17,Net 30
503692,2024-01-14,2024-01-20,2024-02-29,Enterprise,97477.7,net 30
502671,2025-09-19,2025-09-25,2025-10-26,Enterprise,27234.79,Net 30
502926,2024-10-22,2024-10-30,2025-01-12,Government,90308.39,Net 60
501208,2025-08-27,2025-08-28,2025-09-28,SME,6246.71,Net 30
500161,2024-10-22,2024-10-23,2024-11-22,SME,15332.78,Net 30
500880,2025-03-13,2025-03-17,2025-04-30,SME,16907.82,Net 30
503074,2024-02-20,2024-02-21,2024-03-15,SME,12872.4,Net 30
501752,2025-02-21,2025-03-01,2025-04-22,Enterprise,27599.42,Net 30
501450,2025-07-14,2025-07-16,2025-08-18,SME,7249.15,net 30
502522,2025-10-09,2025-10-13,2025-12-09,Enterprise,25943.22,Net 30
500986,2024-09-15,2024-09-16,2024-10-09,SME,13091.4,Net 30
501773,2024-08-25,2024-08-26,2024-09-21,SME,16987.92,Net 30
504091,2024-12-05,2024-12-10,2025-02-21,Government,158581.18,Net 60
504196,2025-02-24,2025-02-28,2025-04-08,SME,10812.46,Net 30
503484,2025-10-07,2025-10-13,2025-11-11,Enterprise,116007.28,Net 30
501945,2024-09-29,2024-10-10,2024-12-11,Government,76295.51,Net 60
500238,2024-12-27,2024-12-31,2025-03-22,Government,209389.22,Net 60
501541,2025-02-28,2025-03-04,2025-03-28,SME,11727.58,Net 30
502665,2025-09-28,2025-10-05,2025-11-05,Enterprise,33296.34,Net 30
500921,2024-03-06,2024-03-18,2024-05-14,Government,160343.68,Net 60
502755,2024-01-23,2024-01-23,2024-02-22,SME,7348.2,Net 30
502206,2024-12-23,2024-12-27,2025-01-29,Enterprise,47360.12,Net 30
501555,2024-07-14,2024-07-29,2024-09-25,Government,149265.17,Net 60
500005,2024-11-22,2024-12-08,2025-02-13,Government,87942.0,Net 60
503094,2025-04-18,2025-04-20,2025-05-24,Enterprise,116744.49,Net 30
502645,2024-12-16,2024-12-19,2025-01-04,SME,6524.48,Net 30
503157,2025-04-28,2025-04-30,2025-05-23,SME,5264.82,Net 30
503912,2025-07-23,2025-08-07,2025-10-02,Government,80255.69,Net 60
502009,2025-08-23,2025-08-23,2025-09-15,SME,14494.61,net 30
503239,2025-01-14,2025-01-17,2025-02-04,Enterprise,36662.92,Net 30
502516,2024-03-15,2024-03-16,2024-04-04,SME,2317.25,Net30
500018,2024-04-30,2024-05-02,2024-06-03,SME,17176.64,Net 30
503053,2025-10-12,2025-10-24,,Government,117895.23,Net60
501478,2025-04-10,2025-04-12,2025-05-06,SME,3413.08,Net 30
503631,2024-06-28,2024-06-29,2024-08-11,Enterprise,28032.77,Net 30
500703,2025-06-24,2025-06-25,2025-07-20,SME,12797.09,Net 30
503478,2024-12-13,2024-12-15,2025-01-21,SME,15408.34,Net 30
502116,2024-08-03,2024-08-04,2024-08-23,SME,7694.46,Net 30
501797,2024-09-02,2024-09-06,2024-11-05,SME,11384.91,Net30
502954,2024-02-08,2024-02-12,2024-03-14,Enterprise,50837.18,NET 30
502068,2024-10-01,2024-10-20,2024-12-17,Government,130947.74,Net 60
500023,2024-04-10,2024-04-13,2024-05-26,Enterprise,62234.65,net 30
500295,2024-01-17,2024-01-18,2024-02-28,SME,9062.63,Net 30
504095,2025-07-21,2025-07-23,2025-09-04,SME,15998.65,Net 30
503798,2024-04-08,2024-04-09,2024-04-30,SME,16890.1,net 30
501012,2025-01-13,2025-01-16,2025-02-25,Enterprise,20984.98,Net 30
500862,2024-07-18,2024-07-20,2024-08-21,SME,5543.36,Net 30
502948,2024-05-25,2024-06-14,2024-08-08,Government,107809.58,Net 60
502629,2025-01-20,2025-01-23,2025-02-19,SME,7295.77,Net 30
503609,2025-08-20,2025-08-25,2025-09-16,Enterprise,29769.59,Net 30
502767,2024-01-22,2024-01-27,2024-02-15,SME,5724.99,Net 30
500780,2024-03-18,2024-03-21,2024-04-18,SME,9165.96,Net 30
502533,2025-05-28,2025-05-31,2025-06-18,SME,11022.31,Net 30
500274,2024-07-27,2024-07-27,2024-08-27,SME,13520.8,Net 30
504150,2025-07-12,2025-07-14,2025-08-04,SME,12011.4,Net 30
503857,2024-01-12,2024-01-14,2024-02-13,SME,12623.34,NET 30
502178,2025-04-20,2025-04-26,2025-05-31,Enterprise,112147.93,Net 30
501733,2024-09-28,2024-10-01,2024-11-16,Enterprise,74513.41,Net 30
502509,2025-07-22,2025-08-10,2025-09-29,Government,259394.86,Net 60
504005,2025-04-04,2025-04-16,2025-06-14,Government,106680.5,Net 60
501304,2024-04-22,2024-04-27,2024-06-01,Enterprise,82812.79,Net 30
500676,2024-01-11,2024-01-17,2024-02-21,Enterprise,102927.85,NET 30
500351,2024-04-09,2024-04-12,2024-05-06,SME,3086.64,Net 30
501955,2024-04-01,2024-04-03,2024-04-23,SME,4801.58,Net 30
500495,2024-04-08,2024-04-08,2024-05-07,Enterprise,119246.98,Net 30
502355,2024-09-30,2024-10-04,2024-11-15,Enterprise,66046.24,Net 30
502611,2024-09-25,2024-10-09,2024-12-01,Government,268807.59,Net 60
503581,2024-06-02,2024-06-09,2024-08-14,Government,81337.57,Net 60
502378,2025-10-28,2025-10-30,2025-11-29,Enterprise,58466.33,Net 30
502565,2024-05-15,2024-05-19,2024-06-16,Enterprise,113677.03,Net 30
504042,2025-04-25,2025-04-27,2025-05-23,SME,6706.16,Net 30
503877,2024-05-31,2024-06-02,2024-07-05,SME,13759.71,Net 30
502142,2024-09-24,2024-09-28,2024-11-04,SME,2240.72,Net 30
503785,2024-02-28,2024-03-02,2024-03-24,SME,4528.88,Net 30
501553,2025-06-09,2025-06-15,2025-07-23,Enterprise,-7861.63,Net 30
501958,2024-06-29,2024-07-02,2024-07-26,SME,6464.87,Net 30
503113,2024-08-23,2024-08-25,2024-09-29,SME,17473.38,Net 30
503653,2025-08-30,2025-09-03,2025-10-01,Enterprise,22529.9,Net 30
500444,2025-03-01,2025-03-04,2025-03-28,SME,16549.6,Net 30
503145,2024-07-10,2024-07-14,2024-08-09,SME,17771.72,Net 30
502331,2025-09-25,2025-09-26,2025-10-13,SME,2821.84,Net 30
503238,2024-06-28,2024-07-11,2024-09-13,Government,210938.46,Net 60
502594,2024-11-04,2024-11-07,2024-11-26,SME,-1881.57,Net 30
503522,2025-03-18,2025-03-21,2025-04-11,SME,7072.82,Net 30
501020,2025-07-13,2025-07-16,2025-08-21,SME,-1561.27,net 30
502641,2025-02-01,2025-02-14,2025-05-17,Government,271372.32,Net 60
503611,2024-06-26,2024-06-28,2024-08-02,Enterprise,72795.33,Net30
500037,2025-02-28,2025-03-04,2025-04-15,Enterprise,105141.72,Net 30
500558,2025-09-17,2025-09-22,2025-10-16,Enterprise,83981.96,Net 30
503860,2025-08-11,2025-08-13,2025-09-03,Enterprise,72611.02,Net 30
501750,2024-01-31,2024-02-06,2024-03-05,Enterprise,94678.16,Net 30
500985,2024-03-09,2024-03-10,2024-04-16,SME,15787.98,Net30
501749,2024-11-07,2024-11-11,2024-11-22,SME,12713.3,NET 30
500197,2024-05-26,2024-06-02,2024-08-02,Enterprise,111925.13,Net 30
500784,2024-08-25,2024-08-27,2024-09-29,Enterprise,82577.41,Net 30
503779,2024-02-01,2024-02-03,2024-03-08,SME,16351.74,Net 30
502891,2024-09-23,2024-09-24,2024-10-19,SME,8533.7,Net 30
503206,2024-03-05,2024-03-06,2024-04-25,SME,2079.83,Net 30
500471,2025-08-03,2025-08-07,2025-09-07,Enterprise,90839.15,Net 30
503327,2024-11-17,2024-11-20,2025-01-04,Enterprise,91533.48,Net 30
503718,2025-02-06,2025-02-09,2025-03-09,Enterprise,33924.31,Net 30
501911,2024-06-25,2024-06-29,2024-07-25,SME,13526.83,Net30
502552,2024-03-01,2024-03-01,2024-04-11,SME,10086.65,Net 30
500420,2024-03-21,2024-03-27,2024-05-14,Enterprise,95898.91,Net 30
500093,2024-09-20,2024-09-24,2024-10-18,SME,15457.05,Net 30
500651,2024-06-28,2024-07-01,2024-07-29,SME,16658.28,Net 30
501771,2025-07-13,2025-07-15,2025-08-18,SME,8625.22,Net 30
502366,2025-08-03,2025-08-24,2025-11-14,Government,176679.12,Net 60
503032,2024-02-28,2024-03-03,2024-05-10,Government,80557.75,Net 60
503072,2024-05-29,2024-05-30,2024-06-28,SME,5582.11,Net 30
502494,2024-04-21,2024-05-07,2024-07-01,Government,290631.64,NET 60
500805,2024-03-01,2024-03-16,2024-04-30,Government,75878.95,Net 60
503183,2024-04-23,2024-04-26,2024-05-26,SME,10062.36,Net 30
501838,2025-03-02,2025-03-05,2025-03-21,SME,3458.95,NET 30
503747,2024-03-30,2024-04-01,2024-05-13,Enterprise,24953.46,Net 30
500957,2024-07-02,2024-07-06,2024-08-18,Enterprise,106467.66,Net 30
501483,2025-06-06,2025-06-07,2025-06-30,SME,-3333.92,Net 30
500195,2024-01-08,2024-01-12,2024-02-21,Enterprise,35810.63,Net 30
500983,2025-09-14,2025-09-20,2025-10-27,Enterprise,34846.77,NET 30
500972,2024-12-06,2024-12-10,2025-01-25,Enterprise,83964.56,Net 30
504063,2025-05-10,2025-05-14,2025-06-02,SME,14458.56,Net 30
504115,2025-05-16,2025-05-18,2025-07-02,Enterprise,88212.54,Net 30
500550,2024-07-26,2024-07-26,2024-08-22,SME,7000.76,Net 30
500291,2025-08-21,2025-08-24,2025-10-03,SME,13378.75,Net 30
501657,2024-09-23,2024-09-28,2024-11-01,Enterprise,112998.11,Net 30
503418,2025-09-03,2025-09-06,2025-09-20,Enterprise,68920.58,Net 30
502899,2024-12-03,2024-12-06,2024-12-25,SME,2093.92,Net 30
502739,2024-08-27,2024-09-05,2024-11-24,Government,133295.68,Net 60
502752,2024-08-23,2024-08-26,2024-09-28,SME,8020.93,Net 30
500017,2025-10-02,2025-10-15,,Government,166784.89,Net 60
502380,2024-04-10,2024-04-12,2024-05-10,Enterprise,68961.37,Net 30
502975,2025-01-30,2025-02-01,2025-03-03,SME,6837.25,Net 30
502035,2025-05-28,2025-05-31,2025-07-17,Enterprise,116794.32,Net 30
504114,2025-08-02,2025-08-05,2025-08-29,SME,2810.21,Net 30
501173,2025-06-02,2025-06-15,2025-08-30,Government,234585.3,Net 60
502226,2024-07-05,2024-07-15,2024-10-04,Government,294188.26,Net 60
500653,2025-02-09,2025-02-10,2025-04-03,Enterprise,111781.2,Net 30
500984,2024-02-28,2024-03-03,2024-03-25,Enterprise,97677.05,Net 30
502513,2024-12-08,2024-12-12,2025-01-04,Enterprise,49463.02,Net 30
500402,2025-01-30,2025-02-02,2025-03-02,SME,10193.48,Net 30
503708,2025-08-30,2025-08-30,2025-10-12,Enterprise,96290.33,Net 30
500998,2025-06-08,2025-06-08,2025-06-28,SME,16939.24,Net 30
500861,2024-07-25,2024-07-26,2024-08-16,SME,16586.26,Net 30
503209,2025-08-22,2025-08-26,2025-09-10,SME,10501.39,Net 30
500309,2024-06-07,2024-06-18,2024-08-29,Government,107143.05,Net 60
500682,2025-07-10,2025-07-12,2025-07-28,SME,5984.67,Net 30
504138,2024-04-10,2024-04-11,2024-05-05,SME,7819.94,Net 30
500914,2024-10-16,2024-11-02,2025-01-09,Government,198329.33,Net60
503233,2024-07-07,2024-07-09,2024-07-25,SME,6094.44,Net 30
501458,2024-12-16,2024-12-26,2025-03-09,Government,67796.36,Net 60
503431,2025-03-30,2025-04-01,2025-04-15,SME,15385.95,Net 30
501545,2024-10-31,2024-11-01,2024-11-28,Enterprise,81943.04,Net 30
500632,2025-04-18,2025-04-20,2025-05-14,SME,7647.88,net 30
503135,2025-01-05,2025-01-08,2025-01-19,Enterprise,67245.64,Net 30
500467,2025-09-23,2025-09-26,2025-10-31,Enterprise,42291.49,Net 30
504077,2025-03-01,2025-03-04,2025-03-30,SME,11459.08,Net 30
500255,2024-06-15,2024-06-18,2024-07-08,SME,7060.46,Net 30
500110,2024-09-04,2024-09-07,2024-10-11,SME,12205.67,NET 30
502976,2024-04-01,2024-04-06,2024-05-19,SME,9254.26,Net 30
503020,2025-02-28,2025-03-06,2025-04-14,Enterprise,52988.74,Net 30
502059,2024-06-23,2024-06-26,2024-07-25,SME,5903.74,Net 30
503909,2025-07-11,2025-07-16,2025-08-11,Enterprise,61071.74,Net 30
503276,2025-10-20,2025-11-03,,Government,107694.24,Net 60
501469,2025-07-12,2025-07-14,2025-08-06,SME,2990.71,Net 30
502687,2025-05-03,2025-05-07,2025-06-12,SME,15097.4,Net 30
500923,2025-03-15,2025-03-21,2025-04-17,Enterprise,50549.37,Net 30
501925,2024-04-30,2024-05-03,2024-05-28,Enterprise,43322.36,Net 30
504060,2025-03-29,2025-04-01,2025-04-20,Enterprise,41719.57,Net 30
503472,2025-07-06,2025-07-07,2025-08-05,SME,10152.63,Net 30
501061,2025-01-13,2025-01-16,2025-02-15,SME,10472.42,Net 30
502024,2025-07-06,2025-07-08,2025-08-22,Enterprise,80834.5,Net 30
500375,2024-01-21,2024-01-23,2024-02-24,Enterprise,38247.15,Net 30
502000,2024-01-18,2024-01-21,2024-03-15,Enterprise,101024.3,net 30
500501,2025-02-11,2025-02-17,2025-04-23,Government,178668.04,NET 60
503714,2025-06-12,2025-06-15,2025-07-25,Enterprise,71373.52,Net 30
503465,2025-05-19,2025-06-04,2025-08-08,Government,117891.41,Net 60
504186,2025-09-16,2025-09-19,2025-11-04,SME,4025.08,Net 30
502375,2024-09-26,2024-10-07,2024-12-04,Government,278371.93,Net 60
501494,2024-04-08,2024-04-11,2024-05-01,SME,1720.5,Net 30
504118,2025-01-24,2025-01-25,2025-02-12,SME,15746.62,Net 30
500341,2024-04-27,2024-05-03,2024-07-28,Government,184377.12,Net 60
502257,2024-04-10,2024-04-14,2024-05-01,Enterprise,55920.72,Net 30
500362,2024-01-17,2024-01-17,2024-02-14,SME,15754.63,Net30
502385,2025-01-02,2025-01-03,2025-01-20,SME,12910.51,Net 30
504065,2024-10-25,2024-11-05,2025-01-08,Government,219508.4,Net 60
502428,2024-06-04,2024-06-07,2024-07-06,Enterprise,84405.91,Net 30
500253,2025-08-24,2025-08-27,2025-09-24,Enterprise,40279.03,Net 30
502763,2024-01-04,2024-01-06,2024-02-14,Enterprise,81085.43,Net30
502584,2025-08-03,2025-08-06,2025-08-31,Enterprise,98416.81,Net 30
501188,2025-10-10,2025-10-16,2025-12-03,Enterprise,23867.64,Net 30
500436,2024-08-28,2024-08-29,2024-10-02,SME,14666.22,Net 30
503301,2025-06-03,2025-06-09,2025-07-05,Enterprise,89058.64,NET 30
503350,2024-08-24,2024-08-28,2024-10-04,Enterprise,24887.37,Net30
503620,2024-08-02,2024-08-05,2024-09-03,SME,16181.92,Net 30
504156,2025-10-30,2025-11-02,2025-11-17,SME,9391.11,Net 30
502149,2025-10-25,2025-11-05,,Government,292406.03,Net 60
503343,2024-04-23,2024-04-25,2024-05-21,SME,5446.65,Net 30
501679,2025-09-09,2025-09-12,2025-09-30,Enterprise,97752.44,NET 30
504135,2025-03-13,2025-03-31,2025-06-01,Government,195181.93,Net 60
501852,2025-01-15,2025-01-29,2025-03-31,Government,152917.56,Net 60
502290,2025-03-30,2025-04-02,2025-04-25,Enterprise,117403.31,net 30
500316,2024-02-14,2024-02-18,2024-05-15,Government,188344.32,Net 60
503247,2024-09-19,2024-09-22,2024-10-22,Enterprise,51004.16,Net 30
504057,2024-07-24,2024-07-29,2024-10-11,Government,224302.46,Net 60
500511,2024-03-08,2024-03-18,2024-06-03,Government,74301.4,Net 60
500662,2024-07-11,2024-07-15,2024-08-09,SME,6232.34,Net 30
503575,2024-11-13,2024-11-13,2024-12-05,SME,4423.07,Net 30
500739,2024-07-09,2024-07-12,2024-08-06,Enterprise,43024.22,Net 30
503397,2024-11-20,2024-11-23,2024-12-07,SME,4636.06,Net30
503766,2025-06-01,2025-06-06,2025-07-05,Enterprise,105809.19,NET 30
504048,2024-12-01,2024-12-05,2024-12-28,SME,17902.89,Net 30
502266,2025-03-18,2025-03-18,2025-04-15,SME,3399.33,NET 30
503051,2024-01-23,2024-01-24,2024-02-04,SME,3064.18,Net 30
500922,2024-09-09,2024-09-13,2024-10-03,SME,6974.39,Net 30
502041,2024-01-29,2024-01-31,2024-03-16,Enterprise,55755.07,Net 30
503002,2025-02-06,2025-02-19,2025-04-23,Government,229331.33,Net 60
503017,2025-04-15,2025-04-18,2025-05-21,SME,11054.19,Net 30
503512,2024-06-05,2024-06-22,2024-08-27,Government,56995.27,Net 60
502268,2025-04-12,2025-04-20,2025-05-22,Enterprise,22271.29,Net 30
502214,2025-02-11,2025-02-17,2025-04-26,Government,55400.75,Net 60
502983,2025-04-21,2025-04-26,2025-05-31,Enterprise,46340.76,Net 30
503594,2024-12-29,2025-01-02,2025-01-13,SME,4198.1,Net 30
502189,2025-10-02,2025-10-12,,Government,34898.89,Net 60
501041,2025-03-08,2025-03-12,2025-04-02,Enterprise,69086.49,Net 30
503750,2025-04-05,2025-04-08,2025-05-11,Enterprise,50499.29,Net 30
500992,2025-05-22,2025-05-27,2025-07-01,SME,11941.91,Net 30
504069,2024-01-08,2024-01-12,2024-01-27,SME,2296.31,Net 30
502643,2024-01-12,2024-01-17,2024-02-14,Enterprise,32006.7,Net 30
500869,2024-08-01,2024-08-08,2024-09-13,Enterprise,70267.72,Net 30
501334,2025-06-16,2025-06-20,2025-08-11,Enterprise,80293.07,Net 30
503657,2024-06-20,2024-06-22,2024-07-28,SME,4928.75,Net 30
500838,2024-01-02,2024-01-04,2024-01-28,SME,16878.02,Net 30
503648,2024-06-25,2024-06-28,2024-08-13,Enterprise,74523.15,Net 30
501470,2024-11-30,2024-12-04,2024-12-31,SME,15430.4,Net30
503989,2025-04-19,2025-04-23,2025-05-19,Enterprise,16986.14,Net30
503266,2024-10-20,2024-10-22,2024-11-13,SME,16972.12,Net 30
501557,2024-03-26,2024-03-28,2024-04-25,SME,-2208.87,Net 30
504038,2024-06-21,2024-06-24,2024-07-26,SME,3656.04,Net 30
502145,2024-12-04,2024-12-04,2024-12-29,SME,8905.54,Net 30
500302,2025-02-07,2025-02-21,2025-04-12,Government,170313.36,Net 60
500174,2024-02-10,2024-02-15,2024-03-25,Enterprise,30109.13,Net 30
500515,2024-05-31,2024-06-05,2024-07-02,SME,5669.67,NET 30
500137,2024-10-16,2024-10-19,2024-12-03,Enterprise,107613.79,Net 30
503163,2025-04-07,2025-04-09,2025-05-12,SME,9746.53,Net 30
500230,2024-12-09,2024-12-12,2025-01-12,SME,13039.54,Net 30
502962,2024-07-01,2024-07-03,2024-08-04,Enterprise,98433.73,Net 30
504072,2024-11-03,2024-11-04,2024-11-29,SME,9498.96,Net 30
503496,2024-01-20,2024-01-23,2024-02-23,Enterprise,54613.02,Net 30
503887,2025-06-23,2025-06-25,2025-08-05,Enterprise,53499.33,Net 30
501177,2024-09-16,2024-09-21,2024-11-10,Enterprise,19274.21,Net 30
501326,2025-08-16,2025-08-17,2025-09-02,SME,6588.44,Net 30
503158,2024-02-23,2024-02-27,2024-04-03,Enterprise,45494.4,Net 30
501079,2025-06-07,2025-06-07,2025-07-06,SME,5001.46,Net30
502256,2025-10-16,2025-10-18,2025-11-08,SME,13958.74,Net 30
500447,2025-05-29,2025-05-31,2025-07-11,Enterprise,69893.16,Net 30
502350,2024-08-04,2024-08-06,2024-09-07,Enterprise,59372.79,Net 30
501619,2024-10-19,2024-10-22,2024-11-20,SME,15842.6,Net 30
503898,2024-07-30,2024-07-31,2024-08-22,SME,-2660.23,Net 30
501793,2025-07-19,2025-07-25,2025-08-29,Enterprise,93927.14,NET 30
504096,2024-09-08,2024-09-21,2024-11-12,Government,216784.5,Net 60
500733,2025-06-10,2025-06-12,2025-07-01,SME,5226.3,NET 30
503786,2024-06-04,2024-06-09,2024-07-22,Enterprise,-13846.67,Net 30
503987,2025-02-12,2025-02-15,2025-03-15,SME,-996.43,Net 30
502832,2024-04-20,2024-04-25,2024-05-26,Enterprise,86098.4,Net 30
502826,2025-06-18,2025-06-23,2025-08-26,Government,147878.84,Net 60
500156,2024-12-19,2024-12-22,2025-01-16,SME,1755.89,net 30
503617,2024-11-03,2024-11-06,2024-11-26,SME,12070.32,Net 30
503386,2025-01-10,2025-01-11,2025-02-10,SME,-1618.16,NET 30
502297,2025-08-25,2025-08-29,2025-09-22,SME,5480.69,Net 30
502439,2024-05-22,2024-05-24,2024-06-11,SME,17533.94,Net 30
502831,2025-05-08,2025-05-10,2025-06-07,SME,7356.15,Net30
500688,2025-05-15,2025-05-15,2025-06-04,SME,16540.73,Net 30
502932,2024-05-15,2024-05-21,2024-07-04,Enterprise,37068.2,Net 30
501279,2024-02-18,2024-02-20,2024-03-31,Enterprise,78641.98,Net 30
500768,2024-04-27,2024-05-01,2024-05-29,SME,4017.36,Net 30
501744,2025-07-04,2025-07-22,2025-09-25,Government,272562.48,Net 60
503676,2025-03-15,2025-03-23,2025-04-30,Enterprise,23008.7,Net 30
501956,2025-01-11,2025-01-12,2025-02-03,SME,7066.48,net 30
503009,2024-08-11,2024-08-16,2024-08-31,SME,8947.12,Net 30
502666,2025-01-02,2025-01-04,2025-02-06,SME,12718.32,Net 30
504016,2024-03-17,2024-03-17,2024-03-30,SME,9414.53,Net 30
503450,2024-11-23,2024-11-27,2024-12-30,SME,3791.42,Net 30
500326,2025-03-02,2025-03-06,2025-03-23,SME,12280.25,Net 30
502760,2024-02-05,2024-02-07,2024-03-13,SME,2767.2,Net 30
500060,2024-12-18,2024-12-20,2025-01-20,SME,7023.42,NET 30
502956,2025-07-10,2025-07-10,2025-08-16,SME,16608.74,Net 30
500600,2024-10-16,2024-10-17,2024-11-11,SME,8074.18,Net 30
501677,2024-06-16,2024-07-06,2024-09-12,Government,46219.46,Net 60
503096,2025-04-02,2025-04-04,2025-04-23,SME,15647.8,NET 30
502339,2025-04-07,2025-04-09,2025-05-09,SME,12569.87,Net 30
502644,2024-05-07,2024-05-09,2024-05-29,Enterprise,23472.19,Net 30
502795,2024-10-01,2024-10-02,2024-11-04,SME,12856.08,net 30
501692,2024-08-18,2024-08-23,2024-10-06,Enterprise,44314.57,Net 30
504041,2025-10-15,2025-10-17,2025-11-10,SME,2747.29,Net 30
503048,2024-04-15,2024-04-17,2024-05-17,Enterprise,17237.14,NET 30
501776,2025-06-12,2025-06-15,2025-08-13,Government,102236.39,Net 60
501914,2024-04-01,2024-04-02,2024-05-15,Enterprise,35614.12,net 30
502731,2024-11-16,2024-11-19,2024-12-03,SME,7571.23,Net 30
501670,2024-05-28,2024-05-30,2024-07-02,SME,3592.61,Net 30
503064,2024-11-21,2024-11-23,2024-12-01,SME,3501.69,Net 30
500820,2025-08-24,2025-08-25,2025-09-22,SME,15549.67,Net 30
503189,2025-04-13,2025-04-22,2025-07-05,Government,301098.32,Net 60
503634,2025-07-30,2025-08-05,2025-09-06,Enterprise,69469.84,Net 30
501704,2025-06-12,2025-06-15,2025-06-28,SME,9914.62,Net 30
502449,2025-02-25,2025-02-26,2025-03-18,Enterprise,80983.71,Net 30
501160,2025-07-19,2025-07-20,2025-08-21,SME,17348.27,Net 30
502001,2025-06-03,2025-06-05,2025-06-23,SME,16269.27,Net 30
502523,2024-11-08,2024-11-15,2024-12-16,Enterprise,19741.55,Net 30
504083,2025-03-12,2025-04-02,2025-06-29,Government,285319.64,Net 60
502022,2024-08-22,2024-08-22,2024-09-16,SME,16429.61,Net 30
501378,2024-01-11,2024-01-13,2024-02-13,Enterprise,113869.54,Net 30
502036,2024-03-28,2024-04-01,2024-04-16,SME,11043.38,Net 30
500081,2025-05-16,2025-05-18,2025-06-21,SME,17197.18,Net 30
503501,2024-07-05,2024-07-06,2024-07-25,SME,7024.34,Net 30
503202,2025-04-07,2025-04-10,2025-05-11,SME,12424.34,Net30
502332,2024-02-12,2024-02-13,2024-03-04,SME,6111.25,Net 30
503453,2025-02-20,2025-02-21,2025-04-03,SME,5433.14,Net 30
501455,2024-09-04,2024-09-16,2024-12-14,Government,311024.91,Net 60
501759,2024-12-12,2024-12-16,2025-01-14,Enterprise,82836.29,Net 30
501036,2025-06-27,2025-06-29,2025-07-12,SME,7185.3,Net 30
500024,2024-09-21,2024-09-27,2024-11-05,Enterprise,28663.76,Net 30
500042,2025-06-14,2025-06-16,2025-08-08,Enterprise,60462.56,Net 30
503221,2024-09-07,2024-09-10,2024-10-06,Enterprise,71493.3,Net 30
502541,2024-03-24,2024-03-29,2024-06-30,Government,148682.45,Net 60
501206,2024-10-05,2024-10-07,2024-10-30,SME,17205.35,Net 30
502130,2024-09-05,2024-09-09,2024-10-05,SME,15746.6,Net30
503179,2025-03-25,2025-03-27,2025-04-20,SME,-519.39,Net 30
502452,2025-05-29,2025-05-29,2025-07-17,Enterprise,62313.96,Net 30
503908,2024-01-06,2024-01-15,2024-03-24,Government,174624.57,net 60
503974,2024-08-26,2024-09-04,2024-11-15,Government,103053.18,Net 60
502238,2024-06-18,2024-06-20,2024-07-16,SME,7071.87,Net 30
502344,2024-04-30,2024-05-04,2024-06-13,SME,13409.66,net 30
501256,2024-12-09,2024-12-11,2025-01-07,SME,10400.07,Net 30
500392,2024-09-10,2024-09-10,2024-10-11,Enterprise,71122.69,Net 30
502598,2024-02-10,2024-02-21,2024-05-07,Government,111466.52,Net 60
503536,2024-02-13,2024-02-14,2024-03-11,Enterprise,17066.25,Net 30
502972,2024-12-15,2024-12-19,2025-01-27,Enterprise,115414.53,NET 30
502334,2025-01-13,2025-01-16,2025-02-19,SME,2988.51,Net 30
503085,2025-10-20,2025-10-23,2025-11-25,Enterprise,101770.85,Net 30
503078,2025-09-28,2025-10-14,,Government,120560.14,Net 60
500112,2024-06-15,2024-06-18,2024-06-27,SME,7059.44,Net 30
504136,2024-10-15,2024-10-18,2024-11-08,Enterprise,-22323.74,Net 30
500781,2024-12-26,2024-12-28,2025-01-20,SME,7702.86,Net 30
502612,2024-02-22,2024-02-23,2024-03-17,SME,8916.72,Net 30
502602,2024-12-10,2024-12-20,2025-02-06,Government,233864.65,Net 60
502786,2025-09-30,2025-09-30,2025-10-30,SME,5094.38,Net 30
500899,2024-10-15,2024-10-17,2024-11-05,SME,7209.77,Net 30
502955,2024-04-18,2024-04-23,2024-05-23,Enterprise,95715.38,Net 30
503231,2025-06-22,2025-06-24,2025-07-09,SME,16754.9,net 30
504175,2024-08-22,2024-08-23,2024-09-15,SME,8192.29,Net 30
500771,2024-11-14,2024-11-18,2024-12-24,Enterprise,62583.31,Net 30
502625,2025-08-20,2025-08-22,2025-09-29,SME,4161.87,Net30
501146,2025-01-24,2025-01-26,2025-03-07,SME,-1837.17,Net 30
502886,2024-10-21,2024-10-25,2024-11-15,SME,14298.9,Net 30
502902,2024-07-14,2024-07-18,2024-08-16,SME,6747.71,Net 30
504102,2024-09-28,2024-10-02,2024-11-12,SME,14789.86,Net 30
503474,2025-06-23,2025-06-25,2025-07-28,SME,2672.2,Net 30
503934,2025-07-27,2025-08-02,2025-09-04,Enterprise,21686.96,NET 30
501892,2024-08-01,2024-08-05,2024-08-28,SME,13872.23,Net 30
500062,2024-10-08,2024-10-10,2024-10-28,SME,2824.86,Net 30
501725,2024-07-06,2024-07-08,2024-07-23,SME,10765.86,Net30
500499,2025-03-20,2025-03-27,2025-05-31,Government,133055.41,Net 60
502364,2025-03-26,2025-03-27,2025-05-02,SME,6699.01,Net 30
501844,2024-10-01,2024-10-04,2024-10-19,SME,4680.75,net 30
503686,2024-12-21,2024-12-24,2025-01-20,SME,15993.85,Net 30
500618,2024-11-02,2024-11-08,2024-12-03,Enterprise,77415.6,Net 30
503038,2024-06-15,2024-06-20,2024-08-05,Enterprise,92019.34,Net 30
504013,2024-11-12,2024-11-13,2024-11-29,SME,2078.25,Net 30
500451,2024-05-08,2024-05-09,2024-06-04,SME,10485.22,Net 30
503483,2025-10-27,2025-11-01,2025-12-02,Enterprise,101340.39,Net 30
502074,2025-01-09,2025-01-12,2025-02-05,Enterprise,65025.61,net 30
501732,2025-07-17,2025-07-21,2025-08-25,Enterprise,110775.73,NET 30
501264,2024-01-05,2024-01-19,2024-03-29,Government,151786.33,Net 60
502176,2024-03-29,2024-03-30,2024-04-12,SME,9595.31,Net 30
503548,2025-03-05,2025-03-11,2025-04-10,Enterprise,87266.2,Net 30
501595,2025-06-25,2025-06-25,2025-07-05,Enterprise,22644.33,Net 30
500453,2025-10-05,2025-10-10,2025-11-08,Enterprise,81006.96,Net 30
500941,2024-05-14,2024-05-21,2024-06-24,Enterprise,105561.7,Net 30
502248,2025-09-25,2025-09-27,2025-10-24,SME,7641.32,Net 30
500822,2025-05-25,2025-05-27,2025-07-06,SME,2772.54,Net 30
502362,2025-08-01,2025-08-03,2025-09-22,SME,16767.74,NET 30
502029,2024-02-16,2024-03-04,2024-04-25,Government,253732.15,Net 60
500965,2024-02-19,2024-03-15,2024-05-05,Government,253091.06,Net 60
502916,2025-06-08,2025-06-10,2025-07-17,SME,4025.31,Net 30
502548,2024-09-02,2024-09-04,2024-09-14,SME,14615.82,Net30
502758,2025-03-16,2025-03-30,2025-06-17,Government,251913.89,Net 60
502245,2024-10-04,2024-10-13,2024-11-08,Enterprise,42482.27,Net 30
503194,2024-12-27,2025-01-02,2025-02-08,Enterprise,113686.46,Net30
502427,2024-12-09,2024-12-14,2025-01-11,Enterprise,25477.0,Net 30
501337,2024-07-13,2024-07-18,2024-09-01,Enterprise,87770.19,Net 30
500631,2025-04-14,2025-04-16,2025-05-27,Enterprise,96099.74,net 30
500887,2025-10-27,2025-10-31,2025-12-04,SME,14224.52,Net 30
503067,2024-09-05,2024-09-17,2024-12-17,Government,314763.41,Net 60
502117,2024-10-05,2024-10-10,2024-11-26,Enterprise,56680.77,Net 30
500760,2024-06-20,2024-06-20,2024-07-18,SME,1654.25,Net30
501383,2025-05-15,2025-05-15,2025-06-21,SME,-966.98,Net 30
504067,2024-07-07,2024-07-11,2024-08-21,Enterprise,98292.36,Net 30
503957,2025-05-12,2025-05-17,2025-06-15,Enterprise,41551.81,net 30
500237,2024-11-19,2024-11-22,2024-12-09,Enterprise,75530.81,Net 30
504141,2025-02-28,2025-03-02,2025-03-19,SME,6009.35,Net 30
500943,2025-04-27,2025-04-28,2025-05-15,SME,16639.54,Net 30
503655,2024-05-02,2024-05-05,2024-05-30,SME,9648.45,Net 30
500494,2025-01-03,2025-01-09,2025-02-17,Enterprise,54972.27,Net 30
502330,2024-10-29,2024-11-01,2024-11-28,SME,-352.68,Net 30
503893,2025-01-05,2025-01-21,2025-03-04,Government,287904.04,Net 60
501854,2024-12-21,2024-12-24,2025-01-08,SME,13803.33,Net 30
502360,2025-03-29,2025-03-31,2025-04-21,SME,6308.16,net 30
503396,2024-11-03,2024-11-06,2024-12-30,Enterprise,72813.09,Net 30
501538,2025-01-19,2025-01-22,2025-02-14,SME,9785.11,Net 30
503452,2024-08-17,2024-08-20,2024-09-21,SME,13283.21,NET 30
503320,2024-12-02,2024-12-05,2024-12-30,Enterprise,30096.71,Net 30
503840,2024-10-26,2024-10-26,2024-11-17,SME,13213.96,Net 30
503614,2025-10-16,2025-10-20,2025-11-10,Enterprise,37626.28,net 30
501866,2025-10-04,2025-10-20,,Government,184665.68,Net 60
502460,2024-11-02,2024-11-06,2024-12-16,Enterprise,25679.92,Net 30
503593,2024-11-04,2024-11-09,2024-12-25,Enterprise,40342.52,Net 30
500570,2024-11-06,2024-11-07,2024-12-01,SME,12490.68,Net 30
502101,2025-04-10,2025-04-11,2025-05-22,Enterprise,75011.71,net 30
502744,2024-04-11,2024-04-15,2024-05-14,Enterprise,76712.54,Net 30
502067,2025-05-03,2025-05-13,2025-07-19,Government,218686.12,Net 60
502107,2024-12-24,2024-12-26,2025-01-18,SME,11509.74,Net 30
503384,2024-02-20,2024-02-26,2024-04-15,Enterprise,55689.3,Net 30
500028,2025-01-27,2025-01-28,2025-03-09,SME,2182.63,Net 30
500171,2025-09-23,2025-09-27,2025-11-03,SME,17753.51,Net 30
501315,2025-09-17,2025-09-24,2025-12-09,Government,158115.53,Net 60
503951,2025-10-13,2025-10-14,2025-11-21,Enterprise,57295.61,Net 30
503273,2024-12-26,2025-01-14,2025-03-18,Government,-14894.69,Net 60
503205,2025-01-05,2025-01-15,2025-03-27,Government,61385.21,Net 60
501497,2024-08-15,2024-08-21,2024-09-16,SME,17441.94,Net 30
502953,2025-08-15,2025-08-18,2025-09-23,SME,14464.47,Net 30
500942,2024-01-14,2024-01-16,2024-02-25,Enterprise,119473.63,Net 30
502883,2025-03-05,2025-03-07,2025-04-05,SME,13562.36,Net 30
501075,2025-03-01,2025-03-06,2025-04-05,Enterprise,-3962.11,Net 30
500163,2025-09-26,2025-10-01,2025-10-25,Enterprise,37553.64,Net 30
503492,2024-09-03,2024-09-06,2024-09-30,SME,-863.48,Net 30
500527,2025-10-25,2025-10-28,2025-12-03,SME,2266.99,Net 30
502736,2025-08-10,2025-08-12,2025-09-15,SME,14026.78,Net 30
503756,2025-09-10,2025-09-22,2025-11-24,Government,83383.8,Net 60
502727,2025-04-01,2025-04-22,2025-06-21,Government,106925.08,NET 60
502337,2024-12-15,2024-12-19,2025-01-13,SME,14243.5,Net 30
503681,2024-12-04,2024-12-05,2025-01-01,SME,6261.11,Net 30
500483,2024-05-03,2024-05-09,2024-06-20,Enterprise,102033.78,Net 30
503791,2024-11-10,2024-11-13,2024-12-23,SME,3792.4,Net 30
503968,2024-08-03,2024-08-19,2024-09-15,Government,249844.75,NET 60
501289,2024-09-12,2024-09-15,2024-10-19,Enterprise,54484.84,Net 30
503471,2025-06-18,2025-07-04,2025-09-26,Government,193837.82,Net 60
500166,2024-12-26,2024-12-28,2025-01-30,Enterprise,73899.15,Net 30
502776,2024-01-16,2024-01-17,2024-02-15,SME,1589.3,Net 30
500986,2024-09-15,2024-09-16,2024-10-09,SME,13091.4,Net 30
500755,2024-11-24,2024-11-27,2024-12-12,SME,5656.09,Net 30
501720,2024-09-18,2024-09-21,2024-11-01,Enterprise,75289.92,net 30
501289,2024-09-12,2024-09-15,2024-10-19,Enterprise,54484.84,Net 30
500539,2024-02-24,2024-02-24,2024-03-31,Enterprise,38649.24,Net 30
503526,2024-05-19,2024-05-23,2024-06-23,Enterprise,93266.28,Net 30
500979,2024-04-27,2024-05-01,2024-05-25,Enterprise,91649.55,Net 30
502480,2024-06-28,2024-07-01,2024-08-11,Enterprise,-25203.81,Net 30
501199,2024-07-09,2024-07-13,2024-08-05,Enterprise,19167.03,Net 30
500560,2025-01-24,2025-01-30,2025-03-08,Enterprise,110962.72,net 30
500019,2025-08-10,2025-08-12,2025-09-19,Enterprise,53999.12,Net 30
502261,2025-02-27,2025-02-27,2025-03-20,SME,17004.03,Net 30
500285,2024-12-01,2024-12-02,2024-12-24,SME,17958.36,net 30
501269,2025-03-27,2025-04-02,2025-05-03,Enterprise,82491.81,net 30
502718,2024-10-06,2024-10-07,2024-11-07,SME,13407.47,Net 30
503976,2024-03-12,2024-03-12,2024-04-04,SME,7859.1,Net 30
500606,2024-05-11,2024-05-20,2024-08-13,Government,246802.41,Net 60
500634,2024-10-09,2024-10-11,2024-11-11,SME,12105.91,NET 30
503588,2025-10-19,2025-10-22,2025-11-19,SME,17925.68,Net 30
502132,2024-09-10,2024-09-18,2024-10-23,Enterprise,109062.07,Net 30
501688,2025-07-03,2025-07-04,2025-08-05,SME,5761.46,Net 30
502566,2024-12-06,2024-12-14,2025-01-15,Enterprise,28247.71,Net 30
501547,2025-04-25,2025-04-27,2025-06-01,SME,3719.87,Net 30
502783,2024-11-20,2024-11-22,2024-12-18,SME,2125.74,Net 30
500428,2024-11-09,2024-11-19,2025-01-15,Government,148349.25,Net 60
502922,2024-01-19,2024-01-22,2024-02-25,SME,4965.3,Net30
501508,2025-05-29,2025-06-09,2025-08-16,Government,85487.62,Net60
501845,2024-11-20,2024-11-21,2024-12-04,Enterprise,78505.08,Net 30
503102,2024-08-29,2024-08-30,2024-09-26,SME,14438.31,Net 30
501208,2025-08-27,2025-08-28,2025-09-28,SME,6246.71,Net 30
501864,2024-06-25,2024-06-26,2024-07-23,SME,6421.85,Net 30
500416,2025-05-12,2025-05-15,2025-06-19,SME,4224.78,Net 30
502038,2024-11-26,2024-12-01,2025-01-03,Enterprise,59441.62,Net 30
500624,2025-10-27,2025-11-04,,Government,273336.25,Net 60
500399,2025-07-24,2025-07-26,2025-08-16,Enterprise,89173.57,Net 30
502046,2025-02-06,2025-02-13,2025-03-10,Enterprise,101668.24,Net 30
500675,2025-05-01,2025-05-03,2025-05-22,SME,15188.18,NET 30
503504,2025-03-12,2025-03-14,2025-04-05,SME,14047.89,Net 30
502136,2024-02-13,2024-02-16,2024-03-08,Enterprise,70296.38,Net 30
501999,2024-03-25,2024-03-31,2024-05-23,Government,195989.44,Net60
500492,2025-04-20,2025-05-07,2025-07-13,Government,172760.81,Net 60
503669,2025-09-28,2025-09-30,2025-11-01,SME,13065.5,Net 30
503941,2024-03-09,2024-03-12,2024-04-12,SME,12136.93,Net 30
500863,2025-09-02,2025-09-04,2025-09-28,SME,5229.34,Net 30
500249,2024-01-19,2024-01-27,2024-02-17,Enterprise,104437.07,Net 30
500762,2025-06-17,2025-06-23,2025-07-10,Enterprise,-9236.07,Net30
500325,2024-06-30,2024-07-06,2024-08-06,Enterprise,115410.65,Net 30
500207,2025-07-30,2025-08-01,2025-08-30,SME,9241.76,Net 30
500350,2024-09-30,2024-10-03,2024-10-20,SME,-234.4,Net 30
500557,2024-08-15,2024-08-17,2024-09-14,Enterprise,98775.73,NET 30
503981,2025-04-02,2025-04-07,2025-04-23,SME,11286.45,Net 30
504187,2025-08-24,2025-08-27,2025-09-23,Enterprise,40792.13,Net 30
503585,2024-12-13,2024-12-16,2024-12-30,Enterprise,113883.05,Net 30
501353,2025-09-28,2025-10-01,2025-10-16,Enterprise,57351.15,Net 30
503374,2024-01-08,2024-01-12,2024-02-26,Enterprise,23658.0,Net 30
501407,2024-04-07,2024-04-11,2024-05-06,Enterprise,-4389.24,NET 30
500315,2024-01-14,2024-01-16,2024-03-08,SME,3903.52,Net 30
500895,2024-03-02,2024-03-08,2024-03-23,Enterprise,96013.17,Net 30
504056,2025-05-08,2025-05-08,2025-06-05,SME,4019.52,net 30
503084,2025-05-09,2025-05-15,2025-07-03,Enterprise,78077.78,Net 30
504154,2025-09-13,2025-09-14,2025-10-20,Enterprise,59313.56,net 30
502259,2025-08-08,2025-08-09,2025-09-13,SME,8548.54,net 30
501067,2024-11-10,2024-11-11,2024-12-20,Enterprise,110582.53,NET 30
504079,2024-07-27,2024-07-30,2024-08-31,Enterprise,76608.6,Net30
500267,2025-04-12,2025-04-25,2025-07-22,Government,314704.78,Net 60
501270,2025-01-09,2025-01-10,2025-02-04,SME,7064.93,Net 30
503433,2025-06-03,2025-06-05,2025-07-06,SME,7015.18,Net 30
503556,2025-09-03,2025-09-06,2025-09-27,SME,-2280.53,NET 30
500065,2024-07-29,2024-08-02,2024-08-21,SME,16452.22,Net 30
503651,2024-07-11,2024-07-15,2024-08-01,SME,9227.99,Net 30
502154,2024-02-18,2024-02-23,2024-03-14,Enterprise,114970.76,Net 30
500951,2024-10-17,2024-10-23,2024-11-17,Enterprise,17793.0,Net 30
502512,2025-01-09,2025-01-14,2025-03-04,Enterprise,15089.74,Net 30
501660,2025-10-08,2025-10-09,2025-11-20,SME,7861.63,Net 30
501962,2024-08-07,2024-08-09,2024-08-28,SME,8780.44,Net 30
502049,2024-11-06,2024-11-10,2024-12-07,Enterprise,-30114.75,Net 30
503725,2025-08-11,2025-08-13,2025-08-31,SME,13153.25,Net 30
503921,2025-09-10,2025-09-22,2025-11-15,Government,160669.5,Net 60
503709,2025-06-09,2025-06-11,2025-06-22,SME,7376.56,Net 30
500704,2024-11-21,2024-11-22,2024-12-04,SME,14412.47,Net 30
501748,2025-09-12,2025-09-12,2025-10-28,Enterprise,86900.78,Net 30
500598,2024-03-13,2024-03-17,2024-04-25,Enterprise,81036.25,NET 30
504050,2024-08-16,2024-08-19,2024-09-17,SME,9792.37,Net 30
503462,2024-08-31,2024-09-18,2024-12-01,Government,50386.51,Net 60
500119,2025-04-27,2025-05-08,2025-07-25,Government,122987.69,Net 60
501282,2025-08-05,2025-08-22,2025-10-27,Government,229766.39,Net 60
501093,2025-06-10,2025-06-12,2025-07-09,SME,7579.95,Net 30
502872,2024-09-06,2024-09-11,2024-10-18,Enterprise,46253.71,Net 30
503875,2025-04-14,2025-04-16,2025-05-13,SME,14594.92,Net 30
500734,2024-11-07,2024-11-10,2024-11-30,Enterprise,83379.83,Net 30
501174,2024-11-23,2024-11-23,2024-12-19,Enterprise,119791.79,Net 30
502587,2025-01-24,2025-01-26,2025-02-12,SME,-1987.53,Net 30
502748,2024-04-27,2024-05-01,2024-05-29,SME,-1782.72,Net 30
501763,2025-09-18,2025-09-25,,Government,297290.59,Net 60
501432,2025-06-30,2025-07-01,2025-08-03,SME,5430.7,Net 30
500066,2024-08-14,2024-08-18,2024-10-05,Enterprise,23738.23,NET 30
500140,2025-07-26,2025-07-30,2025-08-22,SME,8685.08,Net 30
500803,2024-12-28,2024-12-29,2025-01-25,SME,8821.97,Net 30
501783,2024-06-25,2024-06-27,2024-07-26,SME,6233.52,Net 30
503804,2024-04-23,2024-04-26,2024-05-21,SME,14858.73,Net 30
502236,2025-04-08,2025-04-13,2025-05-18,Enterprise,77363.59,NET 30
502405,2025-03-20,2025-03-21,2025-04-20,SME,14690.86,Net30
504174,2025-04-30,2025-05-03,2025-05-21,Enterprise,38844.12,Net 30
502868,2025-01-19,2025-01-25,2025-03-03,Enterprise,94068.16,Net 30
501605,2025-03-21,2025-04-05,2025-05-30,Government,171191.56,Net 60
504165,2025-09-14,2025-09-21,2025-10-20,Enterprise,62600.57,Net 30
503260,2024-01-04,2024-01-07,2024-02-12,SME,16259.96,Net 30
501754,2025-08-24,2025-08-26,2025-09-29,SME,7176.24,net 30
501957,2025-06-17,2025-06-18,2025-07-14,SME,3604.5,Net 30
500905,2024-04-27,2024-05-08,2024-07-12,Government,78228.85,Net 60
502974,2025-09-06,2025-09-06,2025-10-08,SME,7710.55,Net 30
501050,2025-07-21,2025-07-25,2025-08-30,SME,11019.36,Net 30
501391,2025-07-30,2025-08-01,2025-08-31,SME,17950.64,Net30
503385,2024-11-08,2024-11-11,2024-12-11,SME,6599.87,Net 30
501006,2025-10-08,2025-10-09,2025-11-17,Enterprise,86108.34,Net 30
504173,2024-12-30,2025-01-14,2025-03-06,Government,170654.99,Net 60
500577,2025-06-18,2025-06-21,2025-08-07,Enterprise,52209.44,Net 30
501871,2025-01-23,2025-01-28,2025-02-11,Enterprise,30376.95,Net 30
502701,2024-12-08,2024-12-17,2025-02-16,Government,87863.22,net 60
501956,2025-01-11,2025-01-12,2025-02-03,SME,7066.48,net 30
503253,2024-07-07,2024-07-16,2024-10-04,Government,69258.03,Net 60
502816,2025-04-13,2025-04-13,2025-05-14,Enterprise,99202.27,net 30
504075,2024-06-18,2024-07-02,2024-09-08,Government,69571.06,Net 60
501302,2024-03-08,2024-03-27,2024-06-08,Government,319375.01,Net 60
503735,2025-01-31,2025-02-18,2025-04-10,Government,242107.03,Net 60
502847,2025-09-05,2025-09-07,2025-10-20,Enterprise,36936.47,Net 30
501423,2024-12-28,2024-12-30,2025-01-22,SME,2476.96,Net 30
503047,2025-02-09,2025-02-11,2025-03-11,SME,3649.24,Net 30
500308,2024-01-15,2024-01-21,2024-02-14,Enterprise,116617.62,Net 30
502790,2025-07-17,2025-08-03,2025-09-30,Government,306508.35,NET 60
501324,2024-05-12,2024-05-13,2024-06-21,Enterprise,39094.77,Net 30
503671,2024-01-19,2024-01-28,2024-03-27,Government,35061.8,Net 60
504022,2024-02-24,2024-03-08,2024-06-04,Government,305876.17,net 60
501185,2024-08-02,2024-08-04,2024-08-26,SME,12804.04,Net 30
503685,2025-06-27,2025-06-27,2025-07-17,SME,5215.95,Net 30
504055,2024-02-20,2024-02-21,2024-03-28,SME,3375.86,Net 30
501059,2025-06-29,2025-07-02,2025-07-29,SME,14327.57,Net 30
500648,2025-04-18,2025-04-20,2025-05-16,Enterprise,118104.84,NET 30
502383,2024-01-29,2024-02-05,2024-03-17,Enterprise,118009.3,Net 30
501355,2024-08-02,2024-08-03,2024-08-20,SME,14353.46,Net 30
503988,2025-03-22,2025-03-23,2025-04-28,Enterprise,56009.26,NET 30
501212,2024-03-26,2024-03-31,2024-04-30,Enterprise,44462.01,Net 30
500186,2024-04-04,2024-04-10,2024-05-15,Enterprise,93268.47,Net 30
500073,2024-12-24,2024-12-30,2025-01-24,Enterprise,18069.44,Net 30
503530,2025-08-23,2025-08-31,2025-11-12,Government,289291.12,Net 60
504191,2025-06-03,2025-06-16,2025-08-20,Government,118761.93,Net 60
502275,2024-03-26,2024-03-28,2024-04-21,SME,2688.06,net 30
501366,2024-01-23,2024-01-26,2024-03-12,Enterprise,19454.19,Net 30
502088,2024-03-11,2024-03-15,2024-04-10,Enterprise,37453.65,NET 30
501919,2025-03-12,2025-03-15,2025-04-08,Enterprise,53093.69,Net 30
503044,2024-07-21,2024-07-22,2024-08-08,SME,16804.08,Net 30
500654,2024-08-23,2024-08-28,2024-09-25,Enterprise,41250.79,Net 30
503073,2025-02-02,2025-02-16,2025-04-12,Government,67555.84,Net 60
501381,2024-06-11,2024-06-13,2024-07-10,SME,12749.97,Net 30
502874,2024-10-23,2024-11-07,2025-01-12,Government,184872.33,Net 60
503834,2024-01-01,2024-01-06,2024-02-13,Enterprise,116430.21,Net 30
501791,2025-01-06,2025-01-08,2025-01-26,SME,10839.33,Net 30
500407,2025-07-25,2025-08-02,2025-10-10,Government,-26821.83,Net 60
501634,2025-10-01,2025-10-03,2025-11-05,SME,7012.13,net 30
501718,2025-06-27,2025-07-09,2025-09-11,Government,265997.2,Net 60
501045,2024-10-12,2024-10-14,2024-12-03,Enterprise,103517.84,Net 30
500712,2024-11-27,2024-11-29,2025-01-01,SME,2705.38,Net 30
502333,2025-07-03,2025-07-06,2025-08-14,SME,17562.07,Net 30
502995,2024-04-23,2024-04-26,2024-05-19,SME,2675.86,Net 30
504193,2024-02-13,2024-02-18,2024-03-18,Enterprise,93957.29,Net 30
502849,2024-11-06,2024-11-09,2024-11-29,SME,13191.48,Net 30
500432,2024-10-29,2024-10-29,2024-11-24,SME,6734.15,net 30
503507,2025-05-13,2025-05-17,2025-06-18,Enterprise,21484.12,Net 30
500117,2025-09-02,2025-09-05,2025-10-14,Enterprise,56519.82,net 30
502543,2024-05-14,2024-05-15,2024-06-15,SME,14903.11,Net 30
503695,2025-04-12,2025-04-17,2025-05-08,SME,11225.03,Net 30
502097,2025-04-11,2025-04-12,2025-05-27,Enterprise,85918.63,Net 30
503058,2025-09-20,2025-09-23,2025-10-22,SME,9407.12,Net 30
501913,2025-09-15,2025-09-15,2025-10-18,SME,13964.75,Net 30
503640,2024-09-19,2024-09-20,2024-10-22,SME,8555.91,Net 30
501825,2024-07-02,2024-07-03,2024-08-02,SME,1857.15,Net 30
503091,2025-05-29,2025-06-03,2025-06-29,Enterprise,-14038.92,Net 30
500842,2024-01-14,2024-01-16,2024-02-07,SME,14587.9,Net 30
501588,2025-06-10,2025-06-13,2025-07-11,SME,3828.24,Net 30
501400,2025-04-18,2025-04-20,2025-05-27,SME,4108.67,Net 30
501027,2025-01-03,2025-01-19,2025-02-20,Government,117266.11,Net 60
502630,2025-02-13,2025-02-16,2025-03-26,Enterprise,83971.4,Net 30
500138,2024-09-22,2024-09-23,2024-10-21,SME,1981.53,net 30
502426,2024-04-11,2024-04-16,2024-04-26,SME,10639.52,Net 30
501105,2024-11-19,2024-11-26,2025-01-09,Enterprise,107522.02,NET 30
502388,2025-06-16,2025-06-20,2025-07-29,SME,12421.2,Net30
503069,2025-10-13,2025-10-29,,Government,233154.78,Net 60
504177,2025-05-06,2025-05-10,2025-06-03,Enterprise,-15379.32,Net 30
502496,2024-11-04,2024-11-05,2024-11-23,SME,2397.84,Net 30
500866,2024-07-13,2024-07-16,2024-08-24,Enterprise,-7578.32,net 30
501596,2024-04-07,2024-04-10,2024-05-20,SME,2407.26,Net 30
502013,2024-06-10,2024-06-13,2024-07-24,Government,175017.21,Net60
503168,2024-03-29,2024-04-01,2024-05-05,SME,10936.16,Net 30
500994,2025-03-12,2025-03-16,2025-04-03,SME,3667.72,Net 30
501277,2024-07-15,2024-07-19,2024-08-24,Enterprise,85972.27,Net 30
502165,2025-07-18,2025-07-21,2025-08-19,SME,15969.26,Net 30
502260,2025-02-09,2025-02-12,2025-03-29,Enterprise,26375.47,Net 30
500289,2025-03-05,2025-03-09,2025-04-13,SME,3831.01,Net 30
500834,2024-08-22,2024-09-05,2024-11-11,Government,284159.56,net 60
502815,2024-02-27,2024-03-01,2024-04-03,Enterprise,56231.41,Net 30
504137,2024-01-09,2024-01-13,2024-02-16,Enterprise,53520.62,Net 30
501503,2024-07-06,2024-07-09,2024-08-14,Enterprise,16251.02,Net 30
502105,2025-07-29,2025-08-03,2025-09-06,Enterprise,-25946.49,Net 30
501983,2025-03-20,2025-03-27,2025-04-25,Enterprise,85694.98,Net 30
502303,2025-09-14,2025-09-16,2025-10-18,Enterprise,89659.86,Net 30
501081,2024-05-29,2024-06-01,2024-06-20,Enterprise,99425.81,Net 30
503212,2024-04-13,2024-04-24,2024-06-13,Government,100762.59,Net 60
503870,2024-03-06,2024-03-08,2024-04-17,Enterprise,82315.97,Net 30
502848,2024-01-13,2024-01-14,2024-02-04,SME,8062.32,Net 30
501644,2024-06-02,2024-06-04,2024-06-20,SME,14266.2,Net 30
503182,2025-04-24,2025-04-26,2025-05-24,SME,9303.16,Net 30
503932,2024-04-17,2024-05-01,2024-06-29,Government,259049.12,net 60
501095,2024-02-23,2024-02-29,2024-04-01,SME,15979.76,net 30
503057,2024-11-20,2024-11-23,2024-12-10,SME,8647.71,Net 30
502810,2024-12-03,2024-12-05,2024-12-30,SME,3714.98,Net 30
500585,2024-11-20,2024-11-23,2024-12-22,SME,17733.54,Net 30
503661,2024-02-29,2024-03-01,2024-04-06,Enterprise,38637.11,Net 30
501484,2024-12-09,2024-12-10,2025-01-22,Enterprise,87262.42,NET 30
503778,2025-09-16,2025-09-19,2025-11-01,Enterprise,89229.87,Net 30
503551,2025-01-08,2025-01-24,2025-04-14,Government,34121.13,Net 60
501997,2024-07-08,2024-07-18,2024-09-24,Government,-30314.76,Net 60
503706,2024-02-16,2024-02-19,2024-03-16,SME,1516.65,NET 30
502631,2024-06-26,2024-06-26,2024-07-18,SME,13619.51,Net 30
500131,2025-01-18,2025-02-11,2025-04-09,Government,32145.68,Net 60
501219,2024-04-05,2024-04-05,2024-05-15,SME,11888.5,Net 30
502060,2024-12-04,2024-12-05,2024-12-22,SME,10709.94,net 30
500068,2025-10-23,2025-10-25,2025-12-05,Enterprise,51241.77,Net 30
502578,2025-01-14,2025-02-03,2025-04-20,Government,134697.45,Net 60
503513,2024-08-27,2024-08-28,2024-09-16,SME,11407.6,Net 30
501982,2024-11-15,2024-11-18,2024-12-08,SME,2111.13,Net 30
503280,2025-05-08,2025-05-13,2025-05-28,Enterprise,54619.98,Net 30
502978,2024-03-17,2024-03-19,2024-04-18,Enterprise,52737.48,Net30
501551,2025-06-23,2025-06-26,2025-07-17,SME,2327.1,NET 30
501012,2025-01-13,2025-01-16,2025-02-25,Enterprise,20984.98,Net 30
503440,2025-03-02,2025-03-05,2025-04-12,Enterprise,119743.06,Net 30
500016,2024-12-08,2024-12-29,2025-02-22,Government,246394.01,Net 60
500844,2025-07-20,2025-07-20,2025-08-17,SME,1831.74,Net 30
502505,2025-02-02,2025-02-04,2025-03-02,SME,4027.1,Net 30
503229,2025-01-25,2025-02-05,2025-03-24,Government,312048.71,Net 60
502960,2025-05-18,2025-05-24,2025-06-03,Enterprise,48667.61,Net 30
501563,2025-07-02,2025-07-13,2025-09-27,Government,85673.21,Net 60
502080,2024-11-04,2024-11-05,2024-11-30,SME,10924.76,Net 30
500854,2024-01-06,2024-01-07,2024-02-04,SME,15104.07,Net 30
501746,2025-05-10,2025-05-24,2025-07-23,Government,252702.72,Net 60
502777,2025-07-05,2025-07-09,2025-08-17,Enterprise,35796.27,NET 30
503529,2024-02-28,2024-03-01,2024-03-21,SME,17825.61,NET 30
502912,2024-10-01,2024-10-03,2024-11-15,SME,10106.79,Net 30
500395,2024-08-12,2024-08-28,2024-11-02,Government,260624.86,Net 60
501687,2025-02-27,2025-03-03,2025-04-03,Enterprise,59403.79,Net 30
503803,2024-09-17,2024-09-21,2024-10-23,SME,13721.64,Net30
501446,2024-10-22,2024-10-26,2024-12-01,Enterprise,77189.67,Net 30
500397,2025-08-08,2025-08-22,2025-09-28,Government,296237.49,Net 60
500573,2025-01-07,2025-01-10,2025-02-08,SME,1552.16,Net 30
502172,2024-10-11,2024-10-15,2024-11-18,SME,7086.78,Net30
503148,2024-11-08,2024-11-17,2025-01-08,Government,135147.44,Net 60
502285,2025-02-25,2025-02-27,2025-04-04,SME,1796.28,Net 30
502419,2024-02-03,2024-02-06,2024-03-14,Enterprise,55331.21,Net 30
503476,2025-09-06,2025-09-10,2025-10-08,Enterprise,97829.07,Net 30
501088,2024-11-26,2024-12-01,2024-12-31,Enterprise,67563.37,Net 30
500580,2025-01-12,2025-01-13,2025-02-16,SME,-364.53,Net 30
500989,2024-10-27,2024-10-30,2024-11-21,Enterprise,59935.12,Net 30
501993,2025-02-03,2025-02-06,2025-04-29,Government,259825.33,Net 60
500785,2024-09-19,2024-09-21,2024-10-22,SME,10282.95,Net30
501094,2025-06-02,2025-06-03,2025-07-01,SME,9844.03,Net 30
504110,2025-01-21,2025-01-23,2025-03-09,SME,4287.63,Net 30
502593,2024-12-09,2024-12-11,2024-12-31,SME,12332.78,Net 30
501240,2024-02-22,2024-02-24,2024-04-01,Enterprise,84006.62,Net 30
502244,2024-02-01,2024-02-04,2024-03-04,Enterprise,119463.42,Net 30
500589,2024-02-18,2024-02-23,2024-04-15,Enterprise,59815.44,Net30
501977,2024-07-04,2024-07-17,2024-09-22,Government,277769.75,Net 60
501362,2025-07-29,2025-08-04,2025-09-02,Enterprise,31365.25,Net 30
500057,2024-01-03,2024-01-10,2024-02-19,Enterprise,31048.54,Net 30
502723,2024-02-19,2024-02-23,2024-03-30,Enterprise,23245.3,Net 30
503811,2025-07-21,2025-07-23,2025-08-15,SME,2638.59,Net 30
503880,2025-05-23,2025-05-24,2025-06-22,SME,3977.96,Net 30
502287,2025-06-15,2025-06-18,2025-07-04,SME,8920.71,Net 30
504092,2024-10-30,2024-11-14,2024-12-25,Government,102440.36,Net 60
503351,2025-04-28,2025-05-03,2025-05-21,Enterprise,53727.24,Net 30
504087,2024-02-16,2024-02-18,2024-03-28,SME,5530.88,Net 30
501361,2024-02-19,2024-02-19,2024-03-18,SME,4838.29,Net 30
500396,2024-05-23,2024-05-25,2024-06-19,SME,14850.26,Net 30
501813,2024-01-26,2024-01-28,2024-02-25,SME,3802.68,Net 30
500717,2024-02-23,2024-03-01,2024-04-07,Enterprise,79248.86,Net 30
502817,2024-11-24,2024-11-30,2025-01-03,Enterprise,66042.61,Net 30
501390,2024-12-03,2024-12-19,2025-03-13,Government,50324.04,Net 60
503093,2025-10-18,2025-10-19,2025-11-13,Enterprise,42222.58,Net 30
502678,2024-03-28,2024-03-31,2024-04-30,Enterprise,104520.66,NET 30
503370,2025-06-29,2025-07-02,2025-07-19,SME,3886.06,Net 30
501499,2024-03-03,2024-03-05,2024-04-01,SME,9224.69,Net 30
503008,2024-07-07,2024-07-08,2024-08-08,SME,2691.11,Net 30
500831,2025-01-17,2025-02-03,2025-05-03,Government,102247.74,Net60
501880,2024-11-29,2024-12-02,2024-12-20,SME,4835.11,Net 30
503622,2024-10-10,2024-10-11,2024-11-21,SME,7367.25,Net 30
503917,2025-06-12,2025-06-15,2025-07-01,SME,9217.91,Net 30
502150,2025-04-29,2025-05-15,2025-08-06,Government,260215.65,Net 60
500938,2024-07-01,2024-07-02,2024-07-30,SME,6885.59,Net 30
503956,2024-10-26,2024-11-03,2024-12-19,Enterprise,-7068.4,Net 30
503771,2024-10-28,2024-10-29,2024-11-27,SME,10877.02,Net 30
501510,2024-02-20,2024-02-24,2024-03-30,Enterprise,55725.11,Net 30
503271,2025-05-09,2025-05-11,2025-06-06,SME,17518.59,Net30
502871,2024-12-22,2024-12-25,2025-01-30,SME,7425.88,Net 30
500753,2024-07-22,2024-07-26,2024-08-22,SME,6742.79,Net 30
500463,2024-09-08,2024-09-27,2024-12-09,Government,-23849.83,Net 60
502595,2025-06-13,2025-06-19,2025-07-26,Enterprise,-8114.33,Net 30
503854,2025-09-15,2025-09-21,2025-10-26,Enterprise,73080.96,Net 30
502401,2024-01-23,2024-01-25,2024-02-24,Enterprise,93480.07,Net 30
503380,2025-08-29,2025-09-02,2025-09-17,Enterprise,46613.68,Net 30
502850,2024-09-04,2024-09-04,2024-11-14,Government,148579.65,Net 60
501579,2025-02-15,2025-02-17,2025-03-15,SME,15718.28,Net 30
501924,2025-07-20,2025-07-21,2025-08-18,SME,12060.02,Net 30
500403,2024-08-31,2024-09-04,2024-10-05,Enterprise,32933.36,Net 30
502411,2024-09-22,2024-09-25,2024-10-05,SME,-1393.59,Net 30
501792,2025-09-16,2025-09-20,2025-11-04,Enterprise,63735.11,Net 30
501830,2025-05-13,2025-05-16,2025-06-09,Enterprise,48102.78,Net 30
500846,2024-08-15,2024-08-21,2024-09-20,Enterprise,82108.13,Net 30
502765,2024-11-30,2024-12-11,2025-02-03,Government,189528.68,Net 60
502957,2025-03-19,2025-03-22,2025-04-15,SME,16008.78,Net 30
501784,2025-01-21,2025-01-24,2025-02-25,SME,10150.57,Net 30
501923,2024-08-27,2024-08-29,2024-09-13,SME,14470.34,Net 30
500855,2024-09-09,2024-09-12,2024-09-29,SME,12756.57,Net 30
502837,2024-12-18,2024-12-27,2025-02-24,Government,299659.92,Net 60
501229,2025-10-20,2025-10-26,,Enterprise,16432.11,Net 30
500389,2025-07-18,2025-07-22,2025-08-24,SME,7732.69,Net 30
501488,2025-10-14,2025-10-23,2025-12-06,Government,64910.72,Net 60
501420,2024-07-04,2024-07-12,2024-09-08,Government,102441.76,Net60
504066,2025-03-22,2025-03-28,2025-05-02,Enterprise,42235.62,Net 30
504197,2025-02-27,2025-03-16,2025-05-22,Government,192413.23,NET 60
502525,2024-09-14,2024-09-29,2024-12-05,Government,297094.16,Net 60
500853,2024-04-08,2024-04-11,2024-05-13,SME,10960.13,Net 30
503836,2024-08-23,2024-08-26,2024-09-30,Enterprise,44940.89,Net 30
501847,2025-08-19,2025-08-20,2025-09-17,SME,14090.7,Net 30
501872,2025-04-27,2025-05-02,2025-05-30,Enterprise,61118.07,Net 30
503366,2025-04-30,2025-05-03,2025-06-10,Enterprise,17249.87,Net 30
501001,2024-11-04,2024-11-06,2024-12-04,SME,3641.62,Net 30
503704,2024-07-24,2024-07-25,2024-08-10,SME,14869.0,Net 30
503817,2025-06-27,2025-06-30,2025-07-24,SME,6286.85,Net 30
500520,2024-03-22,2024-03-24,2024-04-19,SME,14824.4,Net 30
500702,2025-08-30,2025-09-04,2025-10-16,Enterprise,103173.7,Net 30
500647,2024-11-08,2024-11-10,2024-12-20,SME,4574.06,NET 30
502705,2025-04-14,2025-04-16,2025-05-08,SME,2864.97,Net 30
504081,2025-04-24,2025-04-25,2025-05-28,SME,11559.82,Net 30
501453,2024-11-26,2024-11-30,2024-12-29,Enterprise,81983.05,Net 30
501811,2024-08-07,2024-08-09,2024-09-04,SME,12337.96,NET 30
500603,2024-11-23,2024-11-25,2024-12-15,SME,1715.32,Net 30
500727,2025-07-18,2025-07-21,2025-08-22,SME,14338.44,Net 30
502681,2024-11-05,2024-11-06,2024-12-19,SME,8657.28,Net 30
503737,2025-10-30,2025-11-03,2025-11-19,SME,10198.31,Net 30
501196,2025-06-10,2025-06-10,2025-07-11,SME,16132.67,Net 30
501492,2024-08-29,2024-09-02,2024-09-30,Enterprise,-6548.67,Net 30
503438,2025-03-17,2025-03-18,2025-04-13,SME,16518.38,NET 30
500051,2025-07-16,2025-07-19,2025-08-10,Enterprise,28036.96,Net 30
501108,2025-10-05,2025-10-07,2025-11-09,SME,4701.72,Net 30
503404,2025-02-08,2025-02-16,2025-03-28,Enterprise,-15786.83,net 30
502780,2025-04-28,2025-04-29,2025-06-12,Enterprise,55329.39,Net 30
